path,relative_path,day,recording_date,source_label,scene,size_bytes,sha256,read_ok,read_error,raw_samples,same_length,finite,dt_median,active_samples,eligible_segments,eligible_samples,vx_min,vx_median,vx_max,abs_c0_max,c0_rms,steer_rms,duplicate_count,duplicate_of,label_conflict,split,exclude_reason
/Users/kai/project/train/data/202677/abnormal/ACC前车切入减速晚/xcp_2026-07-07_18-06-40.MF4,202677/abnormal/ACC前车切入减速晚/xcp_2026-07-07_18-06-40.MF4,202677,2026-07-07,abnormal,ACC前车切入减速晚,6390288,478d23f497fd769391f2a20b5b77f66387608657d6b5e87c497ceeef1bba512d,True,,932,True,True,0.04999321700000081,717,1,697,9.589496612548828,15.721521377563477,19.234779357910156,0.19893962144851685,0.08852118919274078,0.01671173705663532,1,,False,stress_dev,
/Users/kai/project/train/data/202677/abnormal/ACC前车直道切入不减速/xcp_2026-07-07_18-51-20.MF4,202677/abnormal/ACC前车直道切入不减速/xcp_2026-07-07_18-51-20.MF4,202677,2026-07-07,abnormal,ACC前车直道切入不减速,3772800,4266277ce5bdc1f6716935bab36dc87386f99de1ebcd709d674fc0845bb7f355,True,,450,True,True,0.05011384500000027,0,0,0,,,,,,,1,,False,,no_eligible_lcc_segment
"/Users/kai/project/train/data/202677/abnormal/ALC变道侧车道前方条件不满足执行,FP/xcp_2026-07-07_18-24-00.MF4","202677/abnormal/ALC变道侧车道前方条件不满足执行,FP/xcp_2026-07-07_18-24-00.MF4",202677,2026-07-07,abnormal,"ALC变道侧车道前方条件不满足执行,FP",12934232,83d228f0f40ecfdcf4145a6644dde8800285f075f5903afcc3105f77d919e3d8,True,,2137,True,True,0.04999971000000114,1554,3,1268,26.165313720703125,28.129451751708984,29.648677825927734,0.4731863737106323,0.17556252614110002,0.016449857227916996,1,,False,stress_dev,
/Users/kai/project/train/data/202677/abnormal/FCW/xcp_2026-07-07_18-37-48.MF4,202677/abnormal/FCW/xcp_2026-07-07_18-37-48.MF4,202677,2026-07-07,abnormal,FCW,6053608,023740425d3e8491ae6cf75703f548b347ef531c04eb82fe6fafeaaa1b7e87d6,True,,870,True,True,0.049880801000000474,471,1,451,15.611207008361816,18.571500778198242,18.77976417541504,0.10267049074172974,0.055747663208820825,0.010113684352889648,1,,False,stress_dev,
/Users/kai/project/train/data/202677/abnormal/LCC109码大幅度画龙/xcp_2026-07-07_18-44-53.MF4,202677/abnormal/LCC109码大幅度画龙/xcp_2026-07-07_18-44-53.MF4,202677,2026-07-07,abnormal,LCC109码大幅度画龙,11913296,3a84eb7be54db65b1abbb010ad7222d99d61f753bcd91bc2bccd55cb4281d06f,True,,1949,True,True,0.05000338300000173,1612,2,1572,19.18009376525879,29.461841583251953,29.785015106201172,0.5031450986862183,0.19126564835185927,0.019727590149815004,1,,False,stress_dev,
/Users/kai/project/train/data/202677/abnormal/LCC37码左弯往内切，无压线/1/xcp_2026-07-07_18-36-47.MF4,202677/abnormal/LCC37码左弯往内切，无压线/1/xcp_2026-07-07_18-36-47.MF4,202677,2026-07-07,abnormal,LCC37码左弯往内切，无压线/1,3208024,b86af67bf1a0761fe7562a7e1264df777212901941781a74335a58f06762f7fc,True,,346,True,True,0.04981828500000063,346,1,326,8.968127250671387,11.365279197692871,13.930591583251953,0.4344462752342224,0.2840789242231256,0.31684122222846783,1,,False,stress_dev,
/Users/kai/project/train/data/202677/abnormal/LCC37码左弯往内切，无压线/2/xcp_2026-07-07_18-37-10.MF4,202677/abnormal/LCC37码左弯往内切，无压线/2/xcp_2026-07-07_18-37-10.MF4,202677,2026-07-07,abnormal,LCC37码左弯往内切，无压线/2,4951208,a903c9f3a56f41c5f011db056f4ea5aca6c0168837f42acc48b9ff269276fc78,True,,667,True,True,0.05009600850000062,592,1,572,7.514969348907471,11.845320224761963,12.90755844116211,0.3433631658554077,0.20295930353837713,0.2565137233932979,1,,False,stress_dev,
/Users/kai/project/train/data/202677/abnormal/LCC40码弯道向外切/xcp_2026-07-07_18-41-12.MF4,202677/abnormal/LCC40码弯道向外切/xcp_2026-07-07_18-41-12.MF4,202677,2026-07-07,abnormal,LCC40码弯道向外切,6460896,2a4c1f1bc7f0a2fe2d089e449c9f27c6d8d1321c2abab2fd7b672c3cb0c16846,True,,945,True,True,0.05000040450000398,939,1,181,11.857449531555176,12.757050514221191,13.11693000793457,0.9286315441131592,0.26928156399058395,0.05234685795264583,1,,False,stress_dev,
/Users/kai/project/train/data/202677/abnormal/LCC50码左弯偏移/xcp_2026-07-07_18-36-15.MF4,202677/abnormal/LCC50码左弯偏移/xcp_2026-07-07_18-36-15.MF4,202677,2026-07-07,abnormal,LCC50码左弯偏移,4239816,6e53a5a12937625379ed723cd12cf209380f7422ea3c4c3baf6e7dc172d3f9c7,True,,536,True,True,0.05010245800000046,291,0,0,,,,,,,1,,False,,no_eligible_lcc_segment
/Users/kai/project/train/data/202677/abnormal/LCC在入弯时69码冲出车道/xcp_2026-07-07_18-42-52.MF4,202677/abnormal/LCC在入弯时69码冲出车道/xcp_2026-07-07_18-42-52.MF4,202677,2026-07-07,abnormal,LCC在入弯时69码冲出车道,6509760,c18f37951111734310d9835789c31f6c449d6bffa628bfd230435e250041d857,True,,954,True,True,0.05003448400000021,293,1,273,13.97130012512207,21.067569732666016,23.290565490722656,0.3175709843635559,0.16919432150451005,0.026325299134630862,1,,False,stress_dev,
/Users/kai/project/train/data/202677/abnormal/LCC小幅度画龙/xcp_2026-07-07_18-18-08.MF4,202677/abnormal/LCC小幅度画龙/xcp_2026-07-07_18-18-08.MF4,202677,2026-07-07,abnormal,LCC小幅度画龙,10441632,390146d99f8019e0ace47e04f28e73156a45ba5f7a0d9bdfa35466b36873cc1c,True,,1678,True,True,0.04998357000000908,1312,3,1252,16.18967056274414,19.16085910797119,27.2264404296875,0.3004944324493408,0.12345779539846978,0.012954136308807936,1,,False,stress_dev,
/Users/kai/project/train/data/202677/abnormal/LCC弯道偏移/xcp_2026-07-07_17-55-47.MF4,202677/abnormal/LCC弯道偏移/xcp_2026-07-07_17-55-47.MF4,202677,2026-07-07,abnormal,LCC弯道偏移,8692816,e55dc19399d7cc629f2c9429ecb89427641b73e781ab1b84b853abaa72ade7e1,True,,1356,True,True,0.04997870599999743,521,1,501,7.726436614990234,9.126201629638672,11.448400497436523,0.5601434111595154,0.2762970094382503,0.44206570375252474,1,,False,stress_dev,
/Users/kai/project/train/data/202677/abnormal/LCC弯道偏移2/xcp_2026-07-07_17-58-56.MF4,202677/abnormal/LCC弯道偏移2/xcp_2026-07-07_17-58-56.MF4,202677,2026-07-07,abnormal,LCC弯道偏移2,7324344,576054398f909979bede376eb6d4708342cc0affecfca62deb557d99b0a26474,True,,1104,True,True,0.050026066000000036,198,1,178,13.062017440795898,15.000275611877441,18.923614501953125,0.34952908754348755,0.2266987080618291,0.11765960868396319,1,,False,stress_dev,
/Users/kai/project/train/data/202677/abnormal/LCC弯道内激活外切/xcp_2026-07-07_18-27-24.MF4,202677/abnormal/LCC弯道内激活外切/xcp_2026-07-07_18-27-24.MF4,202677,2026-07-07,abnormal,LCC弯道内激活外切,2339144,27ee123b5a250fb12f3e82c7402a409db5e6b4d15556f1cb6ca1acb0562115cd,True,,186,True,True,0.05006144499999987,154,1,134,12.458104133605957,12.856953620910645,13.28461742401123,0.4386501908302307,0.14847718462142187,0.2078972797978065,1,,False,stress_dev,
/Users/kai/project/train/data/202677/abnormal/LCC弯道压线/xcp_2026-07-07_18-13-31.MF4,202677/abnormal/LCC弯道压线/xcp_2026-07-07_18-13-31.MF4,202677,2026-07-07,abnormal,LCC弯道压线,11457136,a4e88836c07457f6c758a540d1dfff0dd30f274b1a24a46f5d6ba3ae26025ce4,True,,1865,True,True,0.05002614900000335,1194,1,498,8.656010627746582,13.98982048034668,16.0400390625,0.8308238387107849,0.10442652599305449,0.045684525076726115,1,,False,stress_dev,
/Users/kai/project/train/data/202677/abnormal/LCC弯道漂移3/xcp_2026-07-07_18-26-12.MF4,202677/abnormal/LCC弯道漂移3/xcp_2026-07-07_18-26-12.MF4,202677,2026-07-07,abnormal,LCC弯道漂移3,8242096,d8aebee82c6b10037437e6a8fc79cb41ac77021b6c71c51f4edac76a474099a8,True,,1273,True,True,0.05001283649999877,699,1,515,27.983644485473633,28.322084426879883,29.68326187133789,0.16330528259277344,0.09004826556579959,0.008800216090866956,1,,False,stress_dev,
/Users/kai/project/train/data/202677/abnormal/LCC拨杆变道HMI提示/xcp_2026-07-07_18-59-27.MF4,202677/abnormal/LCC拨杆变道HMI提示/xcp_2026-07-07_18-59-27.MF4,202677,2026-07-07,abnormal,LCC拨杆变道HMI提示,9295608,f3df4cc927e14d59c98fc3dc27f7658028360607c43a2de898ba23fea46aeff3,True,,1467,True,True,0.04999433450000268,0,0,0,,,,,,,1,,False,,no_eligible_lcc_segment
/Users/kai/project/train/data/202677/abnormal/LCC直线道路120码小幅度画龙/xcp_2026-07-07_18-19-37.MF4,202677/abnormal/LCC直线道路120码小幅度画龙/xcp_2026-07-07_18-19-37.MF4,202677,2026-07-07,abnormal,LCC直线道路120码小幅度画龙,7465536,60144e258f8ad2d3d0273d74f1bc6bf7c4d1eaecb34c69ce69d4cd423c8822b1,True,,1130,True,True,0.049999737000000266,651,1,501,21.189035415649414,30.824125289916992,32.45586013793945,0.17996245622634888,0.09628638785058521,0.004932840163418555,1,,False,stress_dev,
/Users/kai/project/train/data/202677/abnormal/LCC直线道路偏右/xcp_2026-07-07_18-17-02.MF4,202677/abnormal/LCC直线道路偏右/xcp_2026-07-07_18-17-02.MF4,202677,2026-07-07,abnormal,LCC直线道路偏右,5993864,968f3896907bbc5c4e7463558d53fb65ff93a1aee9fc6a4b86d5d8c77309930b,True,,859,True,True,0.05000276300000045,859,1,839,18.59219741821289,22.03752326965332,27.511917114257812,0.4176218509674072,0.18917931063336396,0.01777045680905193,1,,False,stress_dev,
/Users/kai/project/train/data/202677/abnormal/LDW打灯变道不抑制/xcp_2026-07-07_18-52-16.MF4,202677/abnormal/LDW打灯变道不抑制/xcp_2026-07-07_18-52-16.MF4,202677,2026-07-07,abnormal,LDW打灯变道不抑制,11652632,2d0c2c6369be4ba7f97c67fe098dbd626992175a531e0fe4391af96b60200d75,True,,1901,True,True,0.04997803100000109,0,0,0,,,,,,,1,,False,,no_eligible_lcc_segment
/Users/kai/project/train/data/202677/abnormal/LDW漏报FN/xcp_2026-07-07_17-59-56.MF4,202677/abnormal/LDW漏报FN/xcp_2026-07-07_17-59-56.MF4,202677,2026-07-07,abnormal,LDW漏报FN,11766672,962ce208b33bd98f9ddcec69dce2fc1a1d10f1c47de718a852f7b4d5aad3ea33,True,,1922,True,True,0.049968484999993734,830,2,790,17.92152214050293,21.67439079284668,24.547687530517578,0.5205274820327759,0.21705974192548494,0.02273282888908407,1,,False,stress_dev,
/Users/kai/project/train/data/202677/abnormal/LDW误触发FP/xcp_2026-07-07_18-50-16.MF4,202677/abnormal/LDW误触发FP/xcp_2026-07-07_18-50-16.MF4,202677,2026-07-07,abnormal,LDW误触发FP,6189360,b87d9bc77f05b70f81971de0efd3d0940f73da2f94a7411377736a8b3f017f29,True,,895,True,True,0.05003250450000074,0,0,0,,,,,,,1,,False,,no_eligible_lcc_segment
/Users/kai/project/train/data/202677/abnormal/Lcc/xcp_2026-07-07_18-03-59.MF4,202677/abnormal/Lcc/xcp_2026-07-07_18-03-59.MF4,202677,2026-07-07,abnormal,Lcc,9110976,5bbd23a59a362a0b421cae13a56aef2a39a093bffeea35724b25fcfdfb72c148,True,,1433,True,True,0.050022144999999796,1433,1,1413,20.4896240234375,24.970481872558594,26.544837951660156,0.349290132522583,0.18118162665894869,0.00927222276541355,1,,False,stress_dev,
/Users/kai/project/train/data/202677/abnormal/TJA/xcp_2026-07-07_18-10-42.MF4,202677/abnormal/TJA/xcp_2026-07-07_18-10-42.MF4,202677,2026-07-07,abnormal,TJA,9496528,547efcf40f1c6a6100cdec9b4a910ed8eecd731bb878bc7add5d06a980c9ea94,True,,1504,True,True,0.04996054999999444,1504,1,1484,2.86639666557312,4.386938810348511,5.22018575668335,0.11010175943374634,0.0389125883338258,0.02039245037644511,1,,False,stress_dev,
/Users/kai/project/train/data/202677/正常/ACC前车切入good call/xcp_2026-07-07_18-53-59.MF4,202677/正常/ACC前车切入good call/xcp_2026-07-07_18-53-59.MF4,202677,2026-07-07,normal,ACC前车切入good call,11495152,20d4ca870d9f264ea072bae4ae3c35659b087c8d736bb62c6066b50024cc2dc8,True,,1872,True,True,0.049982109999999746,0,0,0,,,,,,,1,,False,,no_eligible_lcc_segment
/Users/kai/project/train/data/202677/正常/ACC前车切入还行/xcp_2026-07-07_18-57-57.MF4,202677/正常/ACC前车切入还行/xcp_2026-07-07_18-57-57.MF4,202677,2026-07-07,normal,ACC前车切入还行,10419912,d897fd5acb58d72c64c65d28812d99235d566350cff466b3f122d4fccbdcd7e4,True,,1674,True,True,0.049970976,0,0,0,,,,,,,1,,False,,no_eligible_lcc_segment
/Users/kai/project/train/data/202677/正常/LCC55码good call/xcp_2026-07-07_19-00-49.MF4,202677/正常/LCC55码good call/xcp_2026-07-07_19-00-49.MF4,202677,2026-07-07,normal,LCC55码good call,9632304,985b9760c6f3c8e41b54f13e2c2f5da9b260df2d239d7279438bb0cbd650da41,True,,1529,True,True,0.0499750739999989,593,0,0,,,,,,,1,,False,,no_eligible_lcc_segment
/Users/kai/project/train/data/202677/正常/xcp_2026-07-07_17-41-16.MF4,202677/正常/xcp_2026-07-07_17-41-16.MF4,202677,2026-07-07,normal,unspecified,2860472,88a729e0d5d282719df79c3130df86cffe032c8aaa2e58e11f3a7dc622f38d50,True,,282,True,True,0.050053133999999666,0,0,0,,,,,,,1,,False,,no_eligible_lcc_segment
/Users/kai/project/train/data/202677/正常/xcp_2026-07-07_17-57-00.MF4,202677/正常/xcp_2026-07-07_17-57-00.MF4,202677,2026-07-07,normal,unspecified,8926336,a095bd16db8a5f0595b0a8ef81a4e40d2c34515acae5e4a7a0e0e26cdcd87dfe,True,,1399,True,True,0.05000050850000193,1354,2,1206,11.8326997756958,17.756868362426758,32.495994567871094,0.4834010601043701,0.15243589204891192,0.014712415640389897,1,,False,train_normal,
/Users/kai/project/train/data/202677/正常/xcp_2026-07-07_17-58-16.MF4,202677/正常/xcp_2026-07-07_17-58-16.MF4,202677,2026-07-07,normal,unspecified,5173856,96f4985bf6e0135e01b8bf3ebd77d8cdb27708c0aa12fc5a29f036a2654b1136,True,,708,True,True,0.049907881999999404,0,0,0,,,,,,,1,,False,,no_eligible_lcc_segment
/Users/kai/project/train/data/202677/正常/xcp_2026-07-07_18-01-38.MF4,202677/正常/xcp_2026-07-07_18-01-38.MF4,202677,2026-07-07,normal,unspecified,16002464,b0714c1c73affbb52594a4b52d2e7c81a77d40d0eb22332d51ce388cd4612c72,True,,2702,True,True,0.05001976799999852,2213,2,2173,14.408154487609863,23.181535720825195,29.921024322509766,0.42167484760284424,0.17423149181372255,0.016394757471513973,1,,False,train_normal,
/Users/kai/project/train/data/202677/正常/xcp_2026-07-07_18-05-33.MF4,202677/正常/xcp_2026-07-07_18-05-33.MF4,202677,2026-07-07,normal,unspecified,8095472,425d036a0e7acd65514c96af1d0e728d60edfd56b80a9469dc15317310d11eaf,True,,1246,True,True,0.050006504999998924,181,1,130,17.246593475341797,18.597042083740234,20.970657348632812,0.2625153064727783,0.1614470969320201,0.008599519468242625,1,,False,train_normal,
/Users/kai/project/train/data/202677/正常/xcp_2026-07-07_18-07-34.MF4,202677/正常/xcp_2026-07-07_18-07-34.MF4,202677,2026-07-07,normal,unspecified,14335304,1aa06b25424c0cc60e663c2fc52940735c9494b4d8850c6db38a36e50ace882b,True,,2395,True,True,0.0500007250000003,1938,0,0,,,,,,,1,,False,,no_eligible_lcc_segment
/Users/kai/project/train/data/202677/正常/xcp_2026-07-07_18-09-40.MF4,202677/正常/xcp_2026-07-07_18-09-40.MF4,202677,2026-07-07,normal,unspecified,7324344,834020f2ec9017144d564da2bb23d0101a3c2e073fe7082da51fb9511bee78f2,True,,1104,True,True,0.049983222000001604,1104,0,0,,,,,,,1,,False,,no_eligible_lcc_segment
/Users/kai/project/train/data/202677/正常/xcp_2026-07-07_18-12-20.MF4,202677/正常/xcp_2026-07-07_18-12-20.MF4,202677,2026-07-07,normal,unspecified,8024880,51c7649c435024eb94d746d172033bbdb66130ded8e614f86304a24568d0504f,True,,1233,True,True,0.050000546000002366,869,2,829,3.2824504375457764,4.782952308654785,8.332874298095703,0.38403046131134033,0.12726731499440785,0.03724064205184975,1,,False,train_normal,
/Users/kai/project/train/data/202677/正常/xcp_2026-07-07_18-15-24.MF4,202677/正常/xcp_2026-07-07_18-15-24.MF4,202677,2026-07-07,normal,unspecified,9197864,b291c888030cc3fe7e6fb0bf8c10a9c12c99d1a065463dd2f2760903897c72e0,True,,1449,True,True,0.05001369849999904,844,2,804,18.251039505004883,21.69126319885254,25.18028450012207,0.31857138872146606,0.14546737761602693,0.016388483323696725,1,,False,train_normal,
/Users/kai/project/train/data/202677/正常/xcp_2026-07-07_18-16-50.MF4,202677/正常/xcp_2026-07-07_18-16-50.MF4,202677,2026-07-07,normal,unspecified,1964432,0432b47b35928d7e77dbc593191e0444e3ed05a659a8a815b6bccb2e349d9c06,True,,117,True,True,0.04990155500000004,117,0,0,,,,,,,1,,False,,no_eligible_lcc_segment
/Users/kai/project/train/data/202677/正常/xcp_2026-07-07_18-21-01.MF4,202677/正常/xcp_2026-07-07_18-21-01.MF4,202677,2026-07-07,normal,unspecified,8785144,1f8b498bd238002a00b9cc011902050782892f6b818a0166b0f868beb7dc3b63,True,,1373,True,True,0.05001938349999957,417,2,377,22.35662841796875,22.543909072875977,22.828336715698242,0.22853553295135498,0.07132613433869153,0.009848900855585901,1,,False,train_normal,
/Users/kai/project/train/data/202677/正常/xcp_2026-07-07_18-22-14.MF4,202677/正常/xcp_2026-07-07_18-22-14.MF4,202677,2026-07-07,normal,unspecified,12266280,d99565a3cb7eeeeaa53e0410c8a49687ce6f963476b852bb374690bacca9e3d0,True,,2014,True,True,0.05002140400000599,1217,4,941,21.909456253051758,24.70671272277832,29.55779266357422,0.26845628023147583,0.12155953933133963,0.008327460131289492,1,,False,train_normal,
/Users/kai/project/train/data/202677/正常/xcp_2026-07-07_18-39-41.MF4,202677/正常/xcp_2026-07-07_18-39-41.MF4,202677,2026-07-07,normal,unspecified,6471752,0373306829d9987d3e11a63cbcb1c293a2ea7c9e36359115d8a7221afa0df944,True,,947,True,True,0.04998198399999687,249,1,229,7.4380950927734375,8.659441947937012,12.909530639648438,0.2148948311805725,0.11519497684859807,0.01277197282862536,1,,False,train_normal,
/Users/kai/project/train/data/202677/正常/xcp_2026-07-07_18-43-45.MF4,202677/正常/xcp_2026-07-07_18-43-45.MF4,202677,2026-07-07,normal,unspecified,8138912,b21587b09da949f60f4d4bd4f4017a6d6c69c970b13bc9da6052fb3630639b08,True,,1254,True,True,0.050045493999999024,0,0,0,,,,,,,1,,False,,no_eligible_lcc_segment
/Users/kai/project/train/data/202677/正常/xcp_2026-07-07_18-46-35.MF4,202677/正常/xcp_2026-07-07_18-46-35.MF4,202677,2026-07-07,normal,unspecified,11332232,8ce6b555a7feb49aa824fb8c83b84bd4da1a65865617953a7a628bc2483affa2,True,,1842,True,True,0.050005386000000485,1577,2,1469,21.461050033569336,23.03005027770996,28.970081329345703,0.47614115476608276,0.2033071653130499,0.011445704506875182,1,,False,train_normal,
/Users/kai/project/train/data/202677/正常/xcp_2026-07-07_18-48-12.MF4,202677/正常/xcp_2026-07-07_18-48-12.MF4,202677,2026-07-07,normal,unspecified,14280984,531cdd8209a4c7b69b9dc4e2042f600d7651ef1620e407a0cd20daa92c954b0d,True,,2385,True,True,0.050007181500006936,332,1,194,23.966899871826172,26.20040988922119,27.387615203857422,0.26941347122192383,0.15663065784796593,0.004337154652169966,1,,False,train_normal,
/Users/kai/project/train/data/202677/正常/xcp_2026-07-07_18-55-39.MF4,202677/正常/xcp_2026-07-07_18-55-39.MF4,202677,2026-07-07,normal,unspecified,15882992,4e7f125397cb9aa3b82c702e53a80e2ad85322e7fb04a169a30ea31d0919d5cd,True,,2680,True,True,0.049951644000003625,0,0,0,,,,,,,1,,False,,no_eligible_lcc_segment
/Users/kai/project/train/data/202678/abnormal/1901ALC变道超线条/xcp_2026-07-08_19-00-16.MF4,202678/abnormal/1901ALC变道超线条/xcp_2026-07-08_19-00-16.MF4,202678,2026-07-08,abnormal,1901ALC变道超线条,4761136,799b39e55543f9eff898421c154204d6096d1c29a81525d679baa527107e34fd,True,,632,True,True,0.049996333999999365,545,1,373,19.031478881835938,21.61969757080078,24.560707092285156,0.14700430631637573,0.07112295100370579,0.007284158368844389,1,,False,stress_dev,
/Users/kai/project/train/data/202678/abnormal/ALC-right-front-fails-to-meet-the-conditions-and-executes-lane-change/xcp_2026-07-08_19-05-28.MF4,202678/abnormal/ALC-right-front-fails-to-meet-the-conditions-and-executes-lane-change/xcp_2026-07-08_19-05-28.MF4,202678,2026-07-08,abnormal,ALC-right-front-fails-to-meet-the-conditions-and-executes-lane-change,7069112,d020e7fa98087acf7082018e3b3df6a15fd1d88ad2001042558d6c82b26ee89f,True,,1057,True,True,0.04998669049999904,915,2,770,23.689010620117188,25.77342414855957,27.296493530273438,0.38324350118637085,0.14573079347409895,0.009678012158877057,1,,False,stress_dev,
/Users/kai/project/train/data/202678/abnormal/ALC右前车道有车不满足，前近距离有实线变道/xcp_2026-07-08_19-08-26.MF4,202678/abnormal/ALC右前车道有车不满足，前近距离有实线变道/xcp_2026-07-08_19-08-26.MF4,202678,2026-07-08,abnormal,ALC右前车道有车不满足，前近距离有实线变道,5787512,beb65b1538ec9c3aa64a78bae536872ca2b0d03559ba22e52366ab88dbc4e0c2,True,,821,True,True,0.04998874100000039,627,1,553,21.848114013671875,22.7994384765625,24.5515079498291,0.2767300605773926,0.12643400452778902,0.010484592296559632,1,,False,stress_dev,
/Users/kai/project/train/data/202678/abnormal/ALC右弯满足变道条件变道异常回退/xcp_2026-07-08_18-53-51.MF4,202678/abnormal/ALC右弯满足变道条件变道异常回退/xcp_2026-07-08_18-53-51.MF4,202678,2026-07-08,abnormal,ALC右弯满足变道条件变道异常回退,3620736,3a090d0f4904dc2345858d31d4e775946ccb7d1c03485ec688ca35909b94a377,True,,422,True,True,0.05002591800000111,46,0,0,,,,,,,1,,False,,no_eligible_lcc_segment
/Users/kai/project/train/data/202678/abnormal/LCC55码冲出弯道/xcp_2026-07-08_18-47-00.MF4,202678/abnormal/LCC55码冲出弯道/xcp_2026-07-08_18-47-00.MF4,202678,2026-07-08,abnormal,LCC55码冲出弯道,7720768,1dafb29dbbce58d036b1e90f52210f879f26507b34d7921a7814f110408da836,True,,1177,True,True,0.049958849999997335,1171,1,1151,7.582301616668701,11.7601957321167,14.419417381286621,0.4602578282356262,0.2237076255399116,0.31590102182907787,1,,False,stress_dev,
/Users/kai/project/train/data/202678/abnormal/LCC70码直道偏左/xcp_2026-07-08_18-58-44.MF4,202678/abnormal/LCC70码直道偏左/xcp_2026-07-08_18-58-44.MF4,202678,2026-07-08,abnormal,LCC70码直道偏左,10794616,96d5541eb8eee3c7b47e4997da959d6713f6ed7d137e0b1046cfd1067d17ae4e,True,,1743,True,True,0.050003801499999945,1083,2,1043,23.061370849609375,24.625146865844727,26.77048110961914,0.3670557141304016,0.11811963457337679,0.005953999171645319,1,,False,stress_dev,
/Users/kai/project/train/data/202678/abnormal/LCC出左弯到直到偏左/xcp_2026-07-08_18-57-39.MF4,202678/abnormal/LCC出左弯到直到偏左/xcp_2026-07-08_18-57-39.MF4,202678,2026-07-08,abnormal,LCC出左弯到直到偏左,7541560,3d2088a7d5cfc9b73637fdbecd0abb0a2a81fe8004920ebf81a5df7b78d89a4d,True,,1144,True,True,0.050004446000002645,1144,1,1124,26.19359588623047,26.73289680480957,26.965932846069336,0.2751058340072632,0.13506177295070027,0.00517297965133128,1,,False,stress_dev,
/Users/kai/project/train/data/202678/abnormal/LCC右弯30码过慢/xcp_2026-07-08_18-52-06.MF4,202678/abnormal/LCC右弯30码过慢/xcp_2026-07-08_18-52-06.MF4,202678,2026-07-08,abnormal,LCC右弯30码过慢,12119656,bfffb596f698bc05c5c703a7dbf8df027ce9b51353692f2d3dbf387baa6bc562,True,,1987,True,True,0.049998015999997314,1494,1,1474,7.591111660003662,11.43724536895752,20.125791549682617,0.6256939768791199,0.17437610424859368,0.29783617296470144,1,,False,stress_dev,
/Users/kai/project/train/data/202678/abnormal/LCC右弯外切/xcp_2026-07-08_18-48-04.MF4,202678/abnormal/LCC右弯外切/xcp_2026-07-08_18-48-04.MF4,202678,2026-07-08,abnormal,LCC右弯外切,5342208,b565e2082a45ce536aff8d2c17bacdd89edd6932595dd7ba7a05c54cbe5a37de,True,,739,True,True,0.0499788549999991,0,0,0,,,,,,,1,,False,,no_eligible_lcc_segment
/Users/kai/project/train/data/202678/abnormal/LCC小坡右弯偏左/xcp_2026-07-08_19-00-53.MF4,202678/abnormal/LCC小坡右弯偏左/xcp_2026-07-08_19-00-53.MF4,202678,2026-07-08,abnormal,LCC小坡右弯偏左,11185616,c2ce761e0edb610145ef1569bb306465a171051668707cc3f877c41802222e2d,True,,1815,True,True,0.04997678650000026,1220,2,1180,23.024900436401367,26.33059597015381,29.12154769897461,0.42346715927124023,0.16652099476203353,0.01308474213178752,1,,False,stress_dev,
/Users/kai/project/train/data/202678/abnormal/LCC直线过左/xcp_2026-07-08_19-03-55.MF4,202678/abnormal/LCC直线过左/xcp_2026-07-08_19-03-55.MF4,202678,2026-07-08,abnormal,LCC直线过左,10544808,769ccd0ba595aa241abca687ff803791c991b6e815d5960ce983db5efeca0e26,True,,1697,True,True,0.05004153699999936,1457,3,1397,21.575836181640625,28.239208221435547,32.43923568725586,0.26276224851608276,0.10311236078736609,0.010973348173049591,1,,False,stress_dev,
/Users/kai/project/train/data/202678/abnormal/LCC直道画龙/xcp_2026-07-08_18-54-17.MF4,202678/abnormal/LCC直道画龙/xcp_2026-07-08_18-54-17.MF4,202678,2026-07-08,abnormal,LCC直道画龙,12016480,87d13980084a20f4d754d93ff222b52f2ff5bf2bb64d558e5656cfdc6e1b6d53,True,,1968,True,True,0.049997053999987884,1848,2,1808,19.257596969604492,26.679096221923828,26.97063446044922,0.4394932985305786,0.2177891153318067,0.016381127050754323,1,,False,stress_dev,
/Users/kai/project/train/data/202678/正常/xcp_2026-07-08_18-40-38.MF4,202678/正常/xcp_2026-07-08_18-40-38.MF4,202678,2026-07-08,normal,unspecified,1633168,9813947c508d04252fb74c6d2e564e8c60e5c7c2566d2f8547477cae73cf04ae,True,,56,True,True,0.05011730099999978,0,0,0,,,,,,,1,,False,,no_eligible_lcc_segment
/Users/kai/project/train/data/202678/正常/xcp_2026-07-08_18-46-02.MF4,202678/正常/xcp_2026-07-08_18-46-02.MF4,202678,2026-07-08,normal,unspecified,1486552,39f0eca6712ca2d47e281ed7ef4581ef35ff57df4045dbe594aaa925c9011040,True,,29,True,True,0.05002457649999997,0,0,0,,,,,,,1,,False,,no_eligible_lcc_segment
/Users/kai/project/train/data/202678/正常/xcp_2026-07-08_18-46-39.MF4,202678/正常/xcp_2026-07-08_18-46-39.MF4,202678,2026-07-08,normal,unspecified,2806152,d1dde9b4553eadbc1a0ae736a190f2e6a9bbb3a9a7fe1d5fe81e9e52a3598ab6,True,,272,True,True,0.04994576299999931,67,0,0,,,,,,,1,,False,,no_eligible_lcc_segment
/Users/kai/project/train/data/202678/正常/xcp_2026-07-08_18-50-10.MF4,202678/正常/xcp_2026-07-08_18-50-10.MF4,202678,2026-07-08,normal,unspecified,7514408,aa57ecd9f4c9972a7513a5c257d746d3442c1d293dbfe1ca2ca535313b12bd6d,True,,1139,True,True,0.05001693400000118,1038,1,848,11.361409187316895,12.996405601501465,23.811365127563477,1.9444983005523682,0.2709631409312542,0.028219960938911604,1,,False,train_normal,
/Users/kai/project/train/data/202678/正常/xcp_2026-07-08_18-51-12.MF4,202678/正常/xcp_2026-07-08_18-51-12.MF4,202678,2026-07-08,normal,unspecified,5461672,4c4c971263059e1708b08bbfb4795588686a2e23f6c6a74673aaff4edbf1713e,True,,761,True,True,0.050012288999999654,0,0,0,,,,,,,1,,False,,no_eligible_lcc_segment
/Users/kai/project/train/data/202678/正常/xcp_2026-07-08_18-56-05.MF4,202678/正常/xcp_2026-07-08_18-56-05.MF4,202678,2026-07-08,normal,unspecified,10952096,13e303085307801a8d40d4f162ba413c3762dff8990c1963f2f22cfc2fb07ddc,True,,1772,True,True,0.05000711099999933,1332,5,1232,23.958589553833008,26.64113426208496,27.00469398498535,0.9429339170455933,0.2276211247878971,0.012613810219167187,1,,False,train_normal,
/Users/kai/project/train/data/202678/正常/xcp_2026-07-08_19-02-53.MF4,202678/正常/xcp_2026-07-08_19-02-53.MF4,202678,2026-07-08,normal,unspecified,7297184,a637eb6110e5871c3ccb71e74a4bf5817f8f9ae2d866dc5068a1f4b42ad0f65e,True,,1099,True,True,0.04997852450000062,815,2,775,26.714529037475586,28.480878829956055,30.39048957824707,0.3778451085090637,0.2152869671652632,0.01753316955655634,1,,False,train_normal,
/Users/kai/project/train/data/202678/正常/xcp_2026-07-08_19-06-26.MF4,202678/正常/xcp_2026-07-08_19-06-26.MF4,202678,2026-07-08,normal,unspecified,13634768,6524c400fd5af1fb351c9592bd62cb9f81c1773a8ee15db20086d4c4abd943e6,True,,2266,True,True,0.05000582799999975,1777,4,1697,19.220218658447266,25.073604583740234,27.947765350341797,0.4802176356315613,0.18834509452680537,0.024251922219477907,1,,False,train_normal,
/Users/kai/project/train/data/202678/正常/xcp_2026-07-08_19-10-04.MF4,202678/正常/xcp_2026-07-08_19-10-04.MF4,202678,2026-07-08,normal,unspecified,12679000,53bcfaa360e39b504204fafe7c1dcd593b2139327a40e6d76f15a599654afb00,True,,2090,True,True,0.050029283000000646,1714,1,1018,15.994199752807617,17.325352668762207,19.1197566986084,1.996436357498169,0.24147829538263185,0.029152848442833935,1,,False,train_normal,
/Users/kai/project/train/data/2026_7_10高速测试数据/异常/104码LCC左右晃动/xcp_2026-07-10_17-29-23.MF4,2026_7_10高速测试数据/异常/104码LCC左右晃动/xcp_2026-07-10_17-29-23.MF4,2026_7_10高速测试数据,2026-07-10,abnormal,104码LCC左右晃动,6149168,2c3c3a0420fb9e486b7637b756bed0bab045c0d20fdfa5f976d77963550bd2a3,True,,1270,True,True,0.05001060700000437,1063,2,1023,19.207334518432617,21.193246841430664,28.197288513183594,0.4880998730659485,0.10762173906292666,0.014616026130346443,1,,False,stress_dev,
/Users/kai/project/train/data/2026_7_10高速测试数据/异常/ACC减速力度不够，接管/xcp_2026-07-10_18-04-54.MF4,2026_7_10高速测试数据/异常/ACC减速力度不够，接管/xcp_2026-07-10_18-04-54.MF4,2026_7_10高速测试数据,2026-07-10,abnormal,ACC减速力度不够，接管,3127040,70238fa6cb70584b32230de68112aed0e343d3d411fa71c12bd6390ddfc5cf7c,True,,526,True,True,0.05003978799999942,301,1,281,24.443378448486328,27.020524978637695,27.910329818725586,0.2685829997062683,0.1187370503324699,0.0039660474926526135,1,,False,stress_dev,
/Users/kai/project/train/data/2026_7_10高速测试数据/异常/ACC前车切入不减速/xcp_2026-07-10_18-05-24.MF4,2026_7_10高速测试数据/异常/ACC前车切入不减速/xcp_2026-07-10_18-05-24.MF4,2026_7_10高速测试数据,2026-07-10,abnormal,ACC前车切入不减速,4605608,a92ca97d40e0b56ccb5065b2ccc9c36a192a075598a485990774170fdd3a7abe,True,,890,True,True,0.050042715000000015,782,1,762,3.8055899143218994,5.452481269836426,14.357217788696289,0.4174685478210449,0.12323250556377423,0.019771031704779295,1,,False,stress_dev,
/Users/kai/project/train/data/2026_7_10高速测试数据/异常/ACC左弯换右弯间异常减速/xcp_2026-07-10_17-50-17.MF4,2026_7_10高速测试数据/异常/ACC左弯换右弯间异常减速/xcp_2026-07-10_17-50-17.MF4,2026_7_10高速测试数据,2026-07-10,abnormal,ACC左弯换右弯间异常减速,7920200,59168556f1356ea8044475d80b921e78d86c637cb0c9282ccbb95fef9b06cf8d,True,,1706,True,True,0.049976982000004,1392,0,0,,,,,,,1,,False,,no_eligible_lcc_segment
/Users/kai/project/train/data/2026_7_10高速测试数据/异常/ACC异常减速/xcp_2026-07-10_18-04-08.MF4,2026_7_10高速测试数据/异常/ACC异常减速/xcp_2026-07-10_18-04-08.MF4,2026_7_10高速测试数据,2026-07-10,abnormal,ACC异常减速,4305016,38460f5d957194314d04b196c2f06e9c653fcef5c1d4d30440faa3ac7f5f94b9,True,,816,True,True,0.04998718199999885,816,1,796,22.027381896972656,23.870305061340332,25.61319923400879,0.19216257333755493,0.10217253942363845,0.007284181593581385,1,,False,stress_dev,
/Users/kai/project/train/data/2026_7_10高速测试数据/异常/ACC纵向识别目标后释放/xcp_2026-07-10_17-20-08.MF4,2026_7_10高速测试数据/异常/ACC纵向识别目标后释放/xcp_2026-07-10_17-20-08.MF4,2026_7_10高速测试数据,2026-07-10,abnormal,ACC纵向识别目标后释放,7883640,7d5254255c8d4c5149305ba2055dd141fc2a739356fa89a62a989047c67efdde,True,,1697,True,True,0.05003388799999797,877,1,857,20.496023178100586,23.395715713500977,28.280136108398438,0.19689816236495972,0.09767742541540468,0.007604676247346529,1,,False,stress_dev,
/Users/kai/project/train/data/2026_7_10高速测试数据/异常/ACC进入匝道不减速/xcp_2026-07-10_17-31-36.MF4,2026_7_10高速测试数据/异常/ACC进入匝道不减速/xcp_2026-07-10_17-31-36.MF4,2026_7_10高速测试数据,2026-07-10,abnormal,ACC进入匝道不减速,3244840,690dbe25499211091fd9c06a7c4484aaad8b97e97376679f0e80fbaae557e3a1,True,,555,True,True,0.04995331349999921,424,1,404,13.347476959228516,14.76544713973999,16.645544052124023,0.14562243223190308,0.06223622591079451,0.08603868735563323,1,,False,stress_dev,
/Users/kai/project/train/data/2026_7_10高速测试数据/异常/ALC102码取消变道失败/xcp_2026-07-10_18-15-48.MF4,2026_7_10高速测试数据/异常/ALC102码取消变道失败/xcp_2026-07-10_18-15-48.MF4,2026_7_10高速测试数据,2026-07-10,abnormal,ALC102码取消变道失败,5056488,45bdd23fd51d4c8925d9ab89001b803368eb71f57062ca0e4f0b954f5f824efb,True,,1001,True,True,0.04997670200000215,646,3,487,23.31361198425293,25.45191192626953,28.156187057495117,0.4880684018135071,0.09552447413069452,0.013008542090269797,1,,False,stress_dev,
/Users/kai/project/train/data/2026_7_10高速测试数据/异常/ALC匝道异常回退/xcp_2026-07-10_17-43-46.MF4,2026_7_10高速测试数据/异常/ALC匝道异常回退/xcp_2026-07-10_17-43-46.MF4,2026_7_10高速测试数据,2026-07-10,abnormal,ALC匝道异常回退,3196096,dd625d3a19b105cdaf325a8ccfc086cfe99238620a772bd00799eb0afbc89709,True,,543,True,True,0.05002425150000178,511,1,127,9.873509407043457,10.271707534790039,10.610957145690918,1.0913233757019043,0.6703362981976192,0.258456606901209,1,,False,stress_dev,
/Users/kai/project/train/data/2026_7_10高速测试数据/异常/ALC危险变道/xcp_2026-07-10_17-39-07.MF4,2026_7_10高速测试数据/异常/ALC危险变道/xcp_2026-07-10_17-39-07.MF4,2026_7_10高速测试数据,2026-07-10,abnormal,ALC危险变道,1766272,e32f5c66922069d9b2025ee852bb32b9536ab417485eee41139241b22bc65014,True,,191,True,True,0.049921966000000095,49,0,0,,,,,,,2,,True,,hash_label_conflict
/Users/kai/project/train/data/2026_7_10高速测试数据/异常/ALC变道超条/xcp_2026-07-10_17-34-07.MF4,2026_7_10高速测试数据/异常/ALC变道超条/xcp_2026-07-10_17-34-07.MF4,2026_7_10高速测试数据,2026-07-10,abnormal,ALC变道超条,2964560,2767eace01234e0ee4f693efac4a46170908118ccd5e1ec16d4b5bbc826fa2a3,True,,486,True,True,0.04995752900000028,246,1,126,23.997089385986328,25.814867973327637,26.865659713745117,0.13460707664489746,0.053961804041107564,0.025188778144025595,1,,False,stress_dev,
/Users/kai/project/train/data/2026_7_10高速测试数据/异常/ALC回退过后再次执行/xcp_2026-07-10_18-07-29.MF4,2026_7_10高速测试数据/异常/ALC回退过后再次执行/xcp_2026-07-10_18-07-29.MF4,2026_7_10高速测试数据,2026-07-10,abnormal,ALC回退过后再次执行,8732600,3106afbe4ad5331c4737b7e726369e71b7ef34a6fb7a263b0a6033d6c35ed51c,True,,1906,True,True,0.04998974700001213,1816,1,1058,16.193742752075195,19.348875045776367,24.632795333862305,1.7110410928726196,0.18334592489621399,0.023387260279690483,1,,False,stress_dev,
/Users/kai/project/train/data/2026_7_10高速测试数据/异常/ALC异常回退/xcp_2026-07-10_17-58-16.MF4,2026_7_10高速测试数据/异常/ALC异常回退/xcp_2026-07-10_17-58-16.MF4,2026_7_10高速测试数据,2026-07-10,abnormal,ALC异常回退,8456384,24f144c9fcefbb86c1b448e61e731895d9fc81504a284333753dc576401ee730,True,,1838,True,True,0.04999055499999372,1521,1,1479,7.594412803649902,12.604537963867188,19.693214416503906,0.4353553056716919,0.1393217366886928,0.29480632513471905,1,,False,stress_dev,
/Users/kai/project/train/data/2026_7_10高速测试数据/异常/ALC条件达成不执行/xcp_2026-07-10_18-09-15.MF4,2026_7_10高速测试数据/异常/ALC条件达成不执行/xcp_2026-07-10_18-09-15.MF4,2026_7_10高速测试数据,2026-07-10,abnormal,ALC条件达成不执行,11425792,04f9406a39b100b507124f3c5351d43f459a0c83bf0ed178595b2ddd7056430f,True,,2569,True,True,0.04999463600000098,2569,1,2549,24.470722198486328,26.770788192749023,27.024703979492188,0.4038662910461426,0.11904868407728479,0.01884529594946405,1,,False,stress_dev,
/Users/kai/project/train/data/2026_7_10高速测试数据/异常/ALC符合变道条件不变道/xcp_2026-07-10_17-26-00.MF4,2026_7_10高速测试数据/异常/ALC符合变道条件不变道/xcp_2026-07-10_17-26-00.MF4,2026_7_10高速测试数据,2026-07-10,abnormal,ALC符合变道条件不变道,5218968,9ce09171de9b70e27a8ba56fb641b3c0378d3d31f940cc0da55b97e8415f655b,True,,1041,True,True,0.05001616150000032,1041,1,1021,17.940452575683594,22.39133644104004,25.531042098999023,0.22208666801452637,0.07471001699095466,0.008272965242668075,1,,False,stress_dev,
/Users/kai/project/train/data/2026_7_10高速测试数据/异常/ALC连续变道/xcp_2026-07-10_17-43-26.MF4,2026_7_10高速测试数据/异常/ALC连续变道/xcp_2026-07-10_17-43-26.MF4,2026_7_10高速测试数据,2026-07-10,abnormal,ALC连续变道,2172472,9687a325dce202b202798d51cbd5949ef632318c390874d58e6c7729f2796e48,True,,291,True,True,0.049879976499999756,176,0,0,,,,,,,1,,False,,no_eligible_lcc_segment
/Users/kai/project/train/data/2026_7_10高速测试数据/异常/LCC不居中左偏撞护栏/xcp_2026-07-10_17-35-39.MF4,2026_7_10高速测试数据/异常/LCC不居中左偏撞护栏/xcp_2026-07-10_17-35-39.MF4,2026_7_10高速测试数据,2026-07-10,abnormal,LCC不居中左偏撞护栏,1810952,920747d506d14005c520be6cfca6ee0b290b27921652dfe87e57fdcd3b2abfbd,True,,202,True,True,0.050034695000000795,202,1,182,26.519981384277344,26.740761756896973,26.975502014160156,0.6222259998321533,0.3379708439229672,0.044095689759117936,2,,True,,hash_label_conflict
/Users/kai/project/train/data/2026_7_10高速测试数据/异常/LCC异常退出/xcp_2026-07-10_18-01-16.MF4,2026_7_10高速测试数据/异常/LCC异常退出/xcp_2026-07-10_18-01-16.MF4,2026_7_10高速测试数据,2026-07-10,abnormal,LCC异常退出,5227096,9e561724d5c5264c65186d1b16271c04ba5696eb61d06696b88df62b2f875e24,True,,1043,True,True,0.05001071049999961,957,1,937,24.605300903320312,26.467082977294922,27.56266212463379,0.357765793800354,0.14742515598614636,0.01619977219945988,1,,False,stress_dev,
/Users/kai/project/train/data/2026_7_10高速测试数据/异常/LCC跟车不居中/xcp_2026-07-10_17-28-13.MF4,2026_7_10高速测试数据/异常/LCC跟车不居中/xcp_2026-07-10_17-28-13.MF4,2026_7_10高速测试数据,2026-07-10,abnormal,LCC跟车不居中,1274768,909440b31459759888c568e7fcb027c74df5b8a65cb26a32c8e34536e93955d1,True,,70,True,True,0.05000262400000022,70,0,0,,,,,,,1,,False,,no_eligible_lcc_segment
/Users/kai/project/train/data/2026_7_10高速测试数据/异常/LCC跟车不居中2/xcp_2026-07-10_17-28-51.MF4,2026_7_10高速测试数据/异常/LCC跟车不居中2/xcp_2026-07-10_17-28-51.MF4,2026_7_10高速测试数据,2026-07-10,abnormal,LCC跟车不居中2,3200152,743f6c5a7ddaffd2ca41bdb79b9f416588adc8f00e38d339188a6a2900a1ec9a,True,,544,True,True,0.049932068000000385,544,1,524,20.42435646057129,22.34236431121826,24.600637435913086,0.13108915090560913,0.06848307166827923,0.006689608069950816,1,,False,stress_dev,
/Users/kai/project/train/data/2026_7_10高速测试数据/异常/lcc进入弯道未使能/xcp_2026-07-10_17-21-40.MF4,2026_7_10高速测试数据/异常/lcc进入弯道未使能/xcp_2026-07-10_17-21-40.MF4,2026_7_10高速测试数据,2026-07-10,abnormal,lcc进入弯道未使能,5738904,b562fdbd9ad6727145a0fec23dbd8d1846165d90416d33a037f322a9663f7756,True,,1169,True,True,0.04998122500000024,343,0,0,,,,,,,1,,False,,no_eligible_lcc_segment
/Users/kai/project/train/data/2026_7_10高速测试数据/正常/LCC大弯优秀/xcp_2026-07-10_17-41-03.MF4,2026_7_10高速测试数据/正常/LCC大弯优秀/xcp_2026-07-10_17-41-03.MF4,2026_7_10高速测试数据,2026-07-10,normal,LCC大弯优秀,6575680,bb8eb9e928e6f5e504e10680acf88b58610f99f608f8e99e122900f3e5609ac5,True,,1375,True,True,0.04997489400000177,1256,1,1201,27.966203689575195,28.137174606323242,28.495927810668945,0.18365603685379028,0.07155064827574696,0.02252215795769859,1,,False,train_normal,
/Users/kai/project/train/data/2026_7_10高速测试数据/正常/xcp_2026-07-10_17-23-21.MF4,2026_7_10高速测试数据/正常/xcp_2026-07-10_17-23-21.MF4,2026_7_10高速测试数据,2026-07-10,normal,unspecified,7209352,01e11e52bc771911da6602d43bdeab00e12b20349f7c6c3d570a4838dbe7463d,True,,1531,True,True,0.05001379449999632,1447,2,1407,19.031524658203125,26.034263610839844,29.455005645751953,0.23580801486968994,0.08673167673020808,0.013644315853735257,1,,False,train_normal,
/Users/kai/project/train/data/2026_7_10高速测试数据/正常/xcp_2026-07-10_17-24-44.MF4,2026_7_10高速测试数据/正常/xcp_2026-07-10_17-24-44.MF4,2026_7_10高速测试数据,2026-07-10,normal,unspecified,6713784,726aae548e5f5eecd3269310e27b7bb222d777d69729ad0a88d7b2f2ab2bac9d,True,,1409,True,True,0.05000909150000066,1409,1,1389,19.064050674438477,24.278833389282227,27.054838180541992,0.20930421352386475,0.08617277077820445,0.013048584720405713,1,,False,train_normal,
/Users/kai/project/train/data/2026_7_10高速测试数据/正常/xcp_2026-07-10_17-26-58.MF4,2026_7_10高速测试数据/正常/xcp_2026-07-10_17-26-58.MF4,2026_7_10高速测试数据,2026-07-10,normal,unspecified,6685352,6fd786dd4cd1d593b5a2f692787773725b147c2a1234618ebaa7d1b8db55643e,True,,1402,True,True,0.050002516999995805,1402,1,1382,23.12137794494629,27.25183868408203,29.554006576538086,0.20236873626708984,0.07457246531682948,0.008439930330246065,1,,False,train_normal,
/Users/kai/project/train/data/2026_7_10高速测试数据/正常/xcp_2026-07-10_17-30-33.MF4,2026_7_10高速测试数据/正常/xcp_2026-07-10_17-30-33.MF4,2026_7_10高速测试数据,2026-07-10,normal,unspecified,5714536,35fce07ee9cbc13f5b4dc055d7d2898df5df3959be5f3fb02856f3e055347274,True,,1163,True,True,0.04999490099999804,1163,1,1068,14.072283744812012,18.210329055786133,28.035533905029297,1.869316577911377,0.231330379040097,0.028306801516115598,1,,False,train_normal,
/Users/kai/project/train/data/2026_7_10高速测试数据/正常/xcp_2026-07-10_17-32-09.MF4,2026_7_10高速测试数据/正常/xcp_2026-07-10_17-32-09.MF4,2026_7_10高速测试数据,2026-07-10,normal,unspecified,10093456,5f59f6437b65102e5ef125bc001117d74b18da02cbf7143717c07b639cc71733,True,,2241,True,True,0.049935081499999256,1489,2,469,6.741107940673828,25.66621208190918,26.81812286376953,0.45511460304260254,0.17614656801241754,0.17491315135725438,1,,False,train_normal,
/Users/kai/project/train/data/2026_7_10高速测试数据/正常/xcp_2026-07-10_17-34-36.MF4,2026_7_10高速测试数据/正常/xcp_2026-07-10_17-34-36.MF4,2026_7_10高速测试数据,2026-07-10,normal,unspecified,5714536,8d0e743feca147c2651b81bc97743681cfd43030b2d04eb8a47ef1c983dd4b50,True,,1163,True,True,0.05002075449999932,1122,2,1082,26.5202693939209,26.84133243560791,26.998394012451172,1.1301230192184448,0.25076803361747957,0.020485736171135593,1,,False,train_normal,
/Users/kai/project/train/data/2026_7_10高速测试数据/正常/xcp_2026-07-10_17-35-39.MF4,2026_7_10高速测试数据/正常/xcp_2026-07-10_17-35-39.MF4,2026_7_10高速测试数据,2026-07-10,normal,unspecified,1810952,920747d506d14005c520be6cfca6ee0b290b27921652dfe87e57fdcd3b2abfbd,True,,202,True,True,0.050034695000000795,202,1,182,26.519981384277344,26.740761756896973,26.975502014160156,0.6222259998321533,0.3379708439229672,0.044095689759117936,2,/Users/kai/project/train/data/2026_7_10高速测试数据/异常/LCC不居中左偏撞护栏/xcp_2026-07-10_17-35-39.MF4,True,,hash_label_conflict
/Users/kai/project/train/data/2026_7_10高速测试数据/正常/xcp_2026-07-10_17-35-55.MF4,2026_7_10高速测试数据/正常/xcp_2026-07-10_17-35-55.MF4,2026_7_10高速测试数据,2026-07-10,normal,unspecified,8622928,58809d27661c4d146ea8e96dc2be70f63e7db06fa9a65a68976c46dce8cd381e,True,,1879,True,True,0.049983003500003065,1879,1,1859,21.0671443939209,25.5576171875,26.95262908935547,0.2063501477241516,0.0718574140523712,0.0059996103376531735,1,,False,train_normal,
/Users/kai/project/train/data/2026_7_10高速测试数据/正常/xcp_2026-07-10_17-37-34.MF4,2026_7_10高速测试数据/正常/xcp_2026-07-10_17-37-34.MF4,2026_7_10高速测试数据,2026-07-10,normal,unspecified,8200480,d32d0918b6a176e7748a461fbcde939f80c37723c9c102b7304114db94f2b2bb,True,,1775,True,True,0.05001687299999524,1526,1,1365,22.444263458251953,25.44738006591797,28.2012939453125,0.18934917449951172,0.06607903981167876,0.004009014223297449,1,,False,train_normal,
/Users/kai/project/train/data/2026_7_10高速测试数据/正常/xcp_2026-07-10_17-39-07.MF4,2026_7_10高速测试数据/正常/xcp_2026-07-10_17-39-07.MF4,2026_7_10高速测试数据,2026-07-10,normal,unspecified,1766272,e32f5c66922069d9b2025ee852bb32b9536ab417485eee41139241b22bc65014,True,,191,True,True,0.049921966000000095,49,0,0,,,,,,,2,/Users/kai/project/train/data/2026_7_10高速测试数据/异常/ALC危险变道/xcp_2026-07-10_17-39-07.MF4,True,,hash_label_conflict
/Users/kai/project/train/data/2026_7_10高速测试数据/正常/xcp_2026-07-10_17-39-22.MF4,2026_7_10高速测试数据/正常/xcp_2026-07-10_17-39-22.MF4,2026_7_10高速测试数据,2026-07-10,normal,unspecified,8769160,89114bbc3f661baa20acf89193609fd9905c6f3a625903a66fbd12d8842b01eb,True,,1915,True,True,0.050011477500001345,1732,2,1692,27.955257415771484,28.172945976257324,28.468843460083008,0.35605359077453613,0.09102202384712793,0.007367878318381147,1,,False,train_normal,
/Users/kai/project/train/data/2026_7_10高速测试数据/正常/xcp_2026-07-10_17-44-18.MF4,2026_7_10高速测试数据/正常/xcp_2026-07-10_17-44-18.MF4,2026_7_10高速测试数据,2026-07-10,normal,unspecified,5227096,1d2129cbb251de2608189295fb89910fb52d7da741621258b1e5de1b138fdb3d,True,,1043,True,True,0.050019220499999406,67,0,0,,,,,,,1,,False,,no_eligible_lcc_segment
/Users/kai/project/train/data/2026_7_10高速测试数据/正常/xcp_2026-07-10_17-51-48.MF4,2026_7_10高速测试数据/正常/xcp_2026-07-10_17-51-48.MF4,2026_7_10高速测试数据,2026-07-10,normal,unspecified,5458624,5cfdd245ddd5cb708075e64d1575c91ff928fafffe15989954ea9bef2b31cac3,True,,1100,True,True,0.04997784399999894,0,0,0,,,,,,,1,,False,,no_eligible_lcc_segment
/Users/kai/project/train/data/2026_7_10高速测试数据/正常/xcp_2026-07-10_17-56-33.MF4,2026_7_10高速测试数据/正常/xcp_2026-07-10_17-56-33.MF4,2026_7_10高速测试数据,2026-07-10,normal,unspecified,6271024,57e3f80b4f7db286996638cd5ed7debcc00517d7d5d030821f6975802c93ace6,True,,1300,True,True,0.049991642999999364,503,0,0,,,,,,,1,,False,,no_eligible_lcc_segment
/Users/kai/project/train/data/2026_7_10高速测试数据/正常/xcp_2026-07-10_17-59-52.MF4,2026_7_10高速测试数据/正常/xcp_2026-07-10_17-59-52.MF4,2026_7_10高速测试数据,2026-07-10,normal,unspecified,7404328,c335e67e2b7523b14ecfc5f3c22a46fc04c16b13812c7acaa2a9eb638eb7b969,True,,1579,True,True,0.050001210499999615,221,1,173,24.434722900390625,26.411643981933594,28.179731369018555,0.3029707670211792,0.18092878887459257,0.013710025286410504,1,,False,train_normal,
/Users/kai/project/train/data/2026_7_10高速测试数据/正常/xcp_2026-07-10_18-02-20.MF4,2026_7_10高速测试数据/正常/xcp_2026-07-10_18-02-20.MF4,2026_7_10高速测试数据,2026-07-10,normal,unspecified,9374488,86fb649a2af96658234b955e87ff5a19055018af48a08803603f0f8ccda40f5d,True,,2064,True,True,0.050020658999997636,1934,2,1894,22.394073486328125,27.902295112609863,28.402057647705078,0.20741719007492065,0.08789193204041404,0.005634429486814004,1,,False,train_normal,
/Users/kai/project/train/data/2026_7_10高速测试数据/正常/xcp_2026-07-10_18-06-13.MF4,2026_7_10高速测试数据/正常/xcp_2026-07-10_18-06-13.MF4,2026_7_10高速测试数据,2026-07-10,normal,unspecified,6742216,ad1191113116a7a9f87bc0d82b1f30da2822df54e3b4e5573baa4508b60a6cf7,True,,1416,True,True,0.049966253999997434,0,0,0,,,,,,,1,,False,,no_eligible_lcc_segment
/Users/kai/project/train/data/2026_7_10高速测试数据/正常/xcp_2026-07-10_18-11-29.MF4,2026_7_10高速测试数据/正常/xcp_2026-07-10_18-11-29.MF4,2026_7_10高速测试数据,2026-07-10,normal,unspecified,3452000,0c23ae37bd537a97cb33b3067fb7b3346bdc5620308b50c1c76b7e2368d2c266,True,,606,True,True,0.05008418100000078,606,1,586,20.700435638427734,26.612587928771973,26.774343490600586,0.19890344142913818,0.09463434897334502,0.005821287470479619,1,,False,train_normal,
/Users/kai/project/train/data/2026_7_10高速测试数据/正常/xcp_2026-07-10_18-12-21.MF4,2026_7_10高速测试数据/正常/xcp_2026-07-10_18-12-21.MF4,2026_7_10高速测试数据,2026-07-10,normal,unspecified,8497000,79e9dcfc387e6dcde1622079796aa07c71a0c022f35031db356dbdde3f4ff09a,True,,1848,True,True,0.050041242000006037,977,2,847,12.202836036682129,14.440942764282227,23.056446075439453,0.16718459129333496,0.06400421148312589,0.010941402265982069,1,,False,train_normal,
/Users/kai/project/train/data/2026_7_10高速测试数据/正常/xcp_2026-07-10_18-13-58.MF4,2026_7_10高速测试数据/正常/xcp_2026-07-10_18-13-58.MF4,2026_7_10高速测试数据,2026-07-10,normal,unspecified,9569464,f78046126f71c4104de6f320b0bf952dd52a2e4b54c2de03bf88b03f79a34bd6,True,,2112,True,True,0.04999252300000023,1981,2,1941,12.94030475616455,24.799358367919922,28.253061294555664,0.24627035856246948,0.06656119870908198,0.02552886138620172,1,,False,train_normal,
/Users/kai/project/train/data/2026_7_10高速测试数据/正常/xcp_2026-07-10_18-16-43.MF4,2026_7_10高速测试数据/正常/xcp_2026-07-10_18-16-43.MF4,2026_7_10高速测试数据,2026-07-10,normal,unspecified,9236288,8d8643bcfb330c5936b7f15c2b682236c2710926d2233449540a5533abf91c7f,True,,2030,True,True,0.05004569500000855,1809,2,1769,12.689542770385742,18.649913787841797,28.232858657836914,0.3775918483734131,0.09243722590752752,0.009798140707641042,1,,False,train_normal,
/Users/kai/project/train/data/2026_7_10高速测试数据/正常/xcp_2026-07-10_18-18-29.MF4,2026_7_10高速测试数据/正常/xcp_2026-07-10_18-18-29.MF4,2026_7_10高速测试数据,2026-07-10,normal,unspecified,6132920,a1c96829476b1ae77d1fd268c905a2390170bec4c35f82ed0c9d770e1c714b27,True,,1266,True,True,0.04995768599999906,1266,1,951,11.947453498840332,12.683903694152832,16.207111358642578,1.3477632999420166,0.15504644625387382,0.029926751381326847,1,,False,train_normal,
/Users/kai/project/train/data/2026_7_10高速测试数据/正常/xcp_2026-07-10_18-19-36.MF4,2026_7_10高速测试数据/正常/xcp_2026-07-10_18-19-36.MF4,2026_7_10高速测试数据,2026-07-10,normal,unspecified,6250720,d91a19a2e9ce0a3af50e369f0a5e81284226341ec0c1fcc448471aa55a24f25b,True,,1295,True,True,0.050038973500001305,28,0,0,,,,,,,1,,False,,no_eligible_lcc_segment
/Users/kai/project/train/data/2026_7_10高速测试数据/正常/xcp_2026-07-10_18-38-50.MF4,2026_7_10高速测试数据/正常/xcp_2026-07-10_18-38-50.MF4,2026_7_10高速测试数据,2026-07-10,normal,unspecified,6876264,b0260d4e8f48d3085dd7471d31c16f3f8cc1e8aa5a62db7775fe36c4e2dd3199,True,,1449,True,True,0.05001111100000344,0,0,0,,,,,,,1,,False,,no_eligible_lcc_segment
"/Users/kai/project/train/data/2026_7_13/abnormal/ACC系统未检测到前方物体(摩托车),驾驶员接管控制权/xcp_2026-07-13_17-22-33.MF4","2026_7_13/abnormal/ACC系统未检测到前方物体(摩托车),驾驶员接管控制权/xcp_2026-07-13_17-22-33.MF4",2026_7_13,2026-07-13,abnormal,"ACC系统未检测到前方物体(摩托车),驾驶员接管控制权",7018432,1a825d352e3ed5e4b7f656d130d1d79316c89dd273f8a291e676d7b9537a2b60,True,,1484,True,True,0.05004994100000104,1393,1,1373,15.699552536010742,18.431865692138672,18.622596740722656,0.21296459436416626,0.09786263323148767,0.023070655469317986,1,,False,stress_dev,
"/Users/kai/project/train/data/2026_7_13/abnormal/ACC系统未检测到前方物体(摩托车),驾驶员接管控制权/xcp_2026-07-13_17-25-54.MF4","2026_7_13/abnormal/ACC系统未检测到前方物体(摩托车),驾驶员接管控制权/xcp_2026-07-13_17-25-54.MF4",2026_7_13,2026-07-13,abnormal,"ACC系统未检测到前方物体(摩托车),驾驶员接管控制权",11966040,a8b80bd54b403fabc0732906a8b9728abfc89d53a9ee401112f928b675e0db44,True,,2702,True,True,0.050040111000001275,2620,2,1966,6.327297687530518,21.17924213409424,21.416484832763672,0.39828187227249146,0.14129252977766688,0.025835351994775803,1,,False,stress_dev,
/Users/kai/project/train/data/2026_7_13/abnormal/ICC在80公里小时的速度下跟随前方物体时出现超调/xcp_2026-07-13_18-45-20.MF4,2026_7_13/abnormal/ICC在80公里小时的速度下跟随前方物体时出现超调/xcp_2026-07-13_18-45-20.MF4,2026_7_13,2026-07-13,abnormal,ICC在80公里小时的速度下跟随前方物体时出现超调,3805392,a53b5f2219ace82636d552ac5058858f02417a27c1cb4fffdd8f975e425ba954,True,,693,True,True,0.049940925999999664,489,2,397,15.412748336791992,19.74062728881836,27.377702713012695,1.0470460653305054,0.29243216886037354,0.0974076061520134,1,,False,stress_dev,
/Users/kai/project/train/data/2026_7_13/abnormal/ICC轻微超调在80公里小时时无法定位到中心/xcp_2026-07-13_18-11-29.MF4,2026_7_13/abnormal/ICC轻微超调在80公里小时时无法定位到中心/xcp_2026-07-13_18-11-29.MF4,2026_7_13,2026-07-13,abnormal,ICC轻微超调在80公里小时时无法定位到中心,3651040,2d171391caf9f0128dc86b3e41d22853625cbe1fba75a62f2f135dac323ca027,True,,655,True,True,0.05010431599999876,655,1,635,22.48404312133789,23.951416015625,24.32539176940918,0.21404767036437988,0.09616358030435224,0.012250830092077279,2,,True,,hash_label_conflict
/Users/kai/project/train/data/2026_7_13/abnormal/LCC在120码下轻微偏左/xcp_2026-07-13_18-49-23.MF4,2026_7_13/abnormal/LCC在120码下轻微偏左/xcp_2026-07-13_18-49-23.MF4,2026_7_13,2026-07-13,abnormal,LCC在120码下轻微偏左,15508104,c6864c87e583c024b05e0babc31ecdf0646183bb3d4ea061eb25373e4c93f21a,True,,3574,True,True,0.049990147999999124,3424,2,3384,25.393901824951172,32.15979194641113,35.347347259521484,0.37307214736938477,0.13930854820570313,0.017242126702346358,1,,False,stress_dev,
/Users/kai/project/train/data/2026_7_13/abnormal/LCC自车以90公里每小时的速度靠近左车道/xcp_2026-07-13_18-08-06.MF4,2026_7_13/abnormal/LCC自车以90公里每小时的速度靠近左车道/xcp_2026-07-13_18-08-06.MF4,2026_7_13,2026-07-13,abnormal,LCC自车以90公里每小时的速度靠近左车道,7778032,88ba7c531e05ad2bddafd8206fc914333d5a68ea59b7d167dad0d96ba5c3466d,True,,1671,True,True,0.050005525999999634,1615,1,1595,23.521438598632812,26.07673454284668,28.21961784362793,0.309609591960907,0.09124973477026098,0.007341343144296064,1,,False,stress_dev,
/Users/kai/project/train/data/2026_7_13/abnormal/Lccleft/xcp_2026-07-13_18-14-13.MF4,2026_7_13/abnormal/Lccleft/xcp_2026-07-13_18-14-13.MF4,2026_7_13,2026-07-13,abnormal,Lccleft,11052088,11062eac67192830e84e22941a6d12b07247bed3c6c7bc1934356a367fe4fe90,True,,2477,True,True,0.050031546999999676,2193,3,2133,20.249757766723633,32.20228958129883,33.94819259643555,0.2225273847579956,0.08385260624799791,0.009584030859971884,1,,False,stress_dev,
/Users/kai/project/train/data/2026_7_13/abnormal/alcsolidline/xcp_2026-07-13_17-19-30.MF4,2026_7_13/abnormal/alcsolidline/xcp_2026-07-13_17-19-30.MF4,2026_7_13,2026-07-13,abnormal,alcsolidline,3850072,58145b0c447b61d9018dbbbf46238ee9710f78ec93a823c18efb5c1f376f352c,True,,704,True,True,0.050025345,508,1,203,19.769344329833984,19.830045700073242,20.073436737060547,0.12780851125717163,0.08051560377454502,0.009010066136771435,1,,False,stress_dev,
/Users/kai/project/train/data/2026_7_13/abnormal/alc穿过了被前方物体挡住的实心车道/xcp_2026-07-13_18-46-29.MF4,2026_7_13/abnormal/alc穿过了被前方物体挡住的实心车道/xcp_2026-07-13_18-46-29.MF4,2026_7_13,2026-07-13,abnormal,alc穿过了被前方物体挡住的实心车道,2891440,0b69d2371071ce0befe99fe186f11803600db9ad16bf54a866817477e60c42b9,True,,468,True,True,0.04996227399999853,256,1,229,32.84770965576172,34.2067756652832,35.117855072021484,0.11440318822860718,0.06782702611811618,0.007055235496557085,1,,False,stress_dev,
/Users/kai/project/train/data/2026_7_13/abnormal/lcc在弯道上不起作用/xcp_2026-07-13_17-18-15.MF4,2026_7_13/abnormal/lcc在弯道上不起作用/xcp_2026-07-13_17-18-15.MF4,2026_7_13,2026-07-13,abnormal,lcc在弯道上不起作用,2399944,14be983b9ed9853beff7401691dd04b04d661603ca20555bedb1198e2388cc1f,True,,347,True,True,0.049990043000000206,158,1,115,7.66170072555542,8.537972450256348,8.954449653625488,0.1720314621925354,0.12017710636610973,0.2137102804094278,1,,False,stress_dev,
/Users/kai/project/train/data/2026_7_13/abnormal/tia不起作用/xcp_2026-07-13_19-20-13.MF4,2026_7_13/abnormal/tia不起作用/xcp_2026-07-13_19-20-13.MF4,2026_7_13,2026-07-13,abnormal,tia不起作用,4942752,9291cff6ce2e62f9b5b7bbbefb40a7480fdb6b4afd735ce1458bffdd4f3df833,True,,973,True,True,0.049996533999999926,568,1,461,11.258776664733887,13.70439338684082,14.322514533996582,0.26810455322265625,0.10112429767276718,0.02153413314645153,1,,False,stress_dev,
/Users/kai/project/train/data/2026_7_13/abnormal/tia不起作用/xcp_2026-07-13_19-21-20.MF4,2026_7_13/abnormal/tia不起作用/xcp_2026-07-13_19-21-20.MF4,2026_7_13,2026-07-13,abnormal,tia不起作用,2160280,415c185784380737c7606a7636e67ffd483068c4d1cc4c1b8bfd3f23ec28325f,True,,288,True,True,0.05001050499999948,288,0,0,,,,,,,1,,False,,no_eligible_lcc_segment
"/Users/kai/project/train/data/2026_7_13/abnormal/加速度减速度过强,应激活tia/xcp_2026-07-13_17-39-24.MF4","2026_7_13/abnormal/加速度减速度过强,应激活tia/xcp_2026-07-13_17-39-24.MF4",2026_7_13,2026-07-13,abnormal,"加速度减速度过强,应激活tia",8427952,809a695681a27582657ac25a4c9aaa7f39e5dcf8f6b7ee176c2475fc4a0a47b0,True,,1831,True,True,0.04999600200000032,1685,0,0,,,,,,,1,,False,,no_eligible_lcc_segment
/Users/kai/project/train/data/2026_7_13/abnormal/加速度计无故减速-异常/xcp_2026-07-13_14-39-50.MF4,2026_7_13/abnormal/加速度计无故减速-异常/xcp_2026-07-13_14-39-50.MF4,2026_7_13,2026-07-13,abnormal,加速度计无故减速-异常,3785768,188f412b6241764dc199eaff0fa13c1b9952b548970980f205dc2f450812b3a3,True,,688,True,True,0.05001456899999823,688,1,668,25.1489315032959,25.36338233947754,25.498369216918945,0.3963739275932312,0.18345665498515698,0.009614737483601712,1,,False,stress_dev,
/Users/kai/project/train/data/2026_7_13/abnormal/自适应巡航控制（ACC）减速幅度过大/xcp_2026-07-13_19-09-00.MF4,2026_7_13/abnormal/自适应巡航控制（ACC）减速幅度过大/xcp_2026-07-13_19-09-00.MF4,2026_7_13,2026-07-13,abnormal,自适应巡航控制（ACC）减速幅度过大,5799832,c3a2d4b100ff7cc19e64a29ecd9ea7f31515747b75b79dd36d72f7737279acea,True,,1184,True,True,0.04997762100000003,38,0,0,,,,,,,1,,False,,no_eligible_lcc_segment
/Users/kai/project/train/data/2026_7_13/abnormal/自适应巡航控制（ACC）减速幅度过大/xcp_2026-07-13_19-10-05.MF4,2026_7_13/abnormal/自适应巡航控制（ACC）减速幅度过大/xcp_2026-07-13_19-10-05.MF4,2026_7_13,2026-07-13,abnormal,自适应巡航控制（ACC）减速幅度过大,2879256,0e04b1b9be595d5f865c3f4d897ab3ff2f1ff44b80030383946433d8d649f751,True,,465,True,True,0.05003141500000163,0,0,0,,,,,,,1,,False,,no_eligible_lcc_segment
/Users/kai/project/train/data/2026_7_13/abnormal/车道居中辅助（LCC）越过了左侧车道线/xcp_2026-07-13_17-41-58.MF4,2026_7_13/abnormal/车道居中辅助（LCC）越过了左侧车道线/xcp_2026-07-13_17-41-58.MF4,2026_7_13,2026-07-13,abnormal,车道居中辅助（LCC）越过了左侧车道线,3525112,aedb842480e6bb0d8aa937edaf10b5168890adaae44e260f33ee8ce2c05b6d36,True,,624,True,True,0.05003576300000001,595,2,555,6.4221367835998535,7.622137069702148,14.376233100891113,0.8902120590209961,0.30496340841771824,0.32713982876446596,1,,False,stress_dev,
/Users/kai/project/train/data/2026_7_13/正常/cutin运行良好/xcp_2026-07-13_18-38-20.MF4,2026_7_13/正常/cutin运行良好/xcp_2026-07-13_18-38-20.MF4,2026_7_13,2026-07-13,normal,cutin运行良好,2802080,70177c2d0fc2d20e2d376500b4bb86d07a05c1274abdb01adea0f28582684300,True,,446,True,True,0.050001248999999914,388,1,368,2.6127450466156006,19.942533493041992,21.235965728759766,0.16780591011047363,0.0868133015735966,0.017433123861697503,1,,False,train_normal,
/Users/kai/project/train/data/2026_7_13/正常/lcc运行良好/xcp_2026-07-13_18-00-31.MF4,2026_7_13/正常/lcc运行良好/xcp_2026-07-13_18-00-31.MF4,2026_7_13,2026-07-13,normal,lcc运行良好,6896576,89bb4433433fd30c84665ebd34127ff7c56df97e3119c56b2e568b1567b0c4b4,True,,1454,True,True,0.050117319999998244,1454,1,1434,6.339531898498535,11.221661567687988,11.760258674621582,0.4243248701095581,0.1881888484899344,0.2687133289838552,1,,False,train_normal,
/Users/kai/project/train/data/2026_7_13/正常/xcp_2026-07-13_17-35-41.MF4,2026_7_13/正常/xcp_2026-07-13_17-35-41.MF4,2026_7_13,2026-07-13,normal,unspecified,8785408,521f940aec8adaae09ab1676065f4f5a0ff7859471af52834a279efbee2edb32,True,,1919,True,True,0.04996547049999833,1745,0,0,,,,,,,1,,False,,no_eligible_lcc_segment
/Users/kai/project/train/data/2026_7_13/正常/xcp_2026-07-13_17-38-22.MF4,2026_7_13/正常/xcp_2026-07-13_17-38-22.MF4,2026_7_13,2026-07-13,normal,unspecified,2976744,4f4bbf842ff911b3031346428f6c87a24793660a9b8a0b2fde70fdc65e6d414e,True,,489,True,True,0.05003426049999948,351,0,0,,,,,,,1,,False,,no_eligible_lcc_segment
/Users/kai/project/train/data/2026_7_13/正常/xcp_2026-07-13_17-43-44.MF4,2026_7_13/正常/xcp_2026-07-13_17-43-44.MF4,2026_7_13,2026-07-13,normal,unspecified,11401424,2e9c43c31cd0a7a96be1c8997fcc52050a275f5530faf7198a0a7fc3dccdea1b,True,,2563,True,True,0.049987579000000615,2563,1,2543,21.59868812561035,27.220651626586914,31.762420654296875,0.40919286012649536,0.11787526255281819,0.019121974443005986,1,,False,train_normal,
/Users/kai/project/train/data/2026_7_13/正常/xcp_2026-07-13_17-45-59.MF4,2026_7_13/正常/xcp_2026-07-13_17-45-59.MF4,2026_7_13,2026-07-13,normal,unspecified,1900312,2258577f8930c78779e6c17c35e5319bd2730b75b16e6d39a7452883c29e34ff,True,,224,True,True,0.049983773999999315,169,1,149,25.8875789642334,26.992345809936523,27.785329818725586,0.3237150311470032,0.23971672174365777,0.022530591273539177,1,,False,train_normal,
/Users/kai/project/train/data/2026_7_13/正常/xcp_2026-07-13_17-48-16.MF4,2026_7_13/正常/xcp_2026-07-13_17-48-16.MF4,2026_7_13,2026-07-13,normal,unspecified,5564240,68486a294a93a334fbd232a04a8d7cf3435cee7904618cdf23d01e1ad5d9d9f7,True,,1126,True,True,0.04998376800000415,1124,1,1059,20.441560745239258,23.31097412109375,28.879968643188477,0.2394341230392456,0.09084654791317363,0.0058010118772120894,1,,False,train_normal,
/Users/kai/project/train/data/2026_7_13/正常/xcp_2026-07-13_17-49-53.MF4,2026_7_13/正常/xcp_2026-07-13_17-49-53.MF4,2026_7_13,2026-07-13,normal,unspecified,3553552,a46be0b68b513bde3ec69ca3cd78b05c30adc3e809cae85157c2e1d9cc1b2f1d,True,,631,True,True,0.049995339499999236,627,1,607,19.501853942871094,22.440824508666992,26.762271881103516,0.3036802411079407,0.13491736324812859,0.028475593418532636,1,,False,train_normal,
/Users/kai/project/train/data/2026_7_13/正常/xcp_2026-07-13_17-52-04.MF4,2026_7_13/正常/xcp_2026-07-13_17-52-04.MF4,2026_7_13,2026-07-13,normal,unspecified,1567232,a7f836de0ce7bd6c13d24ff28574bbfb66f75c779018b56e5bf184fe426faad0,True,,142,True,True,0.04994512000000029,0,0,0,,,,,,,1,,False,,no_eligible_lcc_segment
/Users/kai/project/train/data/2026_7_13/正常/xcp_2026-07-13_17-52-57.MF4,2026_7_13/正常/xcp_2026-07-13_17-52-57.MF4,2026_7_13,2026-07-13,normal,unspecified,5466752,f6ba17474cf68361f4dc864f4468cdcb9212fdf691b24d83850a5f50f54ecfe6,True,,1102,True,True,0.04999734700000147,1014,0,0,,,,,,,1,,False,,no_eligible_lcc_segment
/Users/kai/project/train/data/2026_7_13/正常/xcp_2026-07-13_17-54-48.MF4,2026_7_13/正常/xcp_2026-07-13_17-54-48.MF4,2026_7_13,2026-07-13,normal,unspecified,13261816,35c0bedf79b58614f47f745b243d6eb5c3d146842029467a12d84886e9351df6,True,,3021,True,True,0.05002010850000005,1249,0,0,,,,,,,1,,False,,no_eligible_lcc_segment
/Users/kai/project/train/data/2026_7_13/正常/xcp_2026-07-13_18-02-44.MF4,2026_7_13/正常/xcp_2026-07-13_18-02-44.MF4,2026_7_13,2026-07-13,normal,unspecified,5820144,a6adcbf335a6ed0080ec2335d91ccc9252eca5c6e70185dccb72bb610599c733,True,,1189,True,True,0.05000058450000067,1015,1,995,23.67308235168457,25.059083938598633,26.710643768310547,0.36661380529403687,0.12656537386240727,0.012224319165719384,1,,False,train_normal,
/Users/kai/project/train/data/2026_7_13/正常/xcp_2026-07-13_18-06-32.MF4,2026_7_13/正常/xcp_2026-07-13_18-06-32.MF4,2026_7_13,2026-07-13,normal,unspecified,7213408,810fe27f809a88e834b54b9b3c35434307aa4f1afad579724bc26dfdd0b289e1,True,,1532,True,True,0.0499918029999975,1306,1,1286,16.40705108642578,22.79299831390381,26.773479461669922,0.21886223554611206,0.08579544255076031,0.00872080839165086,1,,False,train_normal,
/Users/kai/project/train/data/2026_7_13/正常/xcp_2026-07-13_18-09-55.MF4,2026_7_13/正常/xcp_2026-07-13_18-09-55.MF4,2026_7_13,2026-07-13,normal,unspecified,4264400,30d0c9d91c0c3664209d6fc9f3c9fef5f11eb96c53c32b4e44b15c9780744962,True,,806,True,True,0.049963821000002184,806,1,786,27.688533782958984,28.85666275024414,29.652620315551758,0.35502320528030396,0.1791193150310937,0.013588315987869642,1,,False,train_normal,
/Users/kai/project/train/data/2026_7_13/正常/xcp_2026-07-13_18-11-29.MF4,2026_7_13/正常/xcp_2026-07-13_18-11-29.MF4,2026_7_13,2026-07-13,normal,unspecified,3651040,2d171391caf9f0128dc86b3e41d22853625cbe1fba75a62f2f135dac323ca027,True,,655,True,True,0.05010431599999876,655,1,635,22.48404312133789,23.951416015625,24.32539176940918,0.21404767036437988,0.09616358030435224,0.012250830092077279,2,/Users/kai/project/train/data/2026_7_13/abnormal/ICC轻微超调在80公里小时时无法定位到中心/xcp_2026-07-13_18-11-29.MF4,True,,hash_label_conflict
/Users/kai/project/train/data/2026_7_13/正常/xcp_2026-07-13_18-12-54.MF4,2026_7_13/正常/xcp_2026-07-13_18-12-54.MF4,2026_7_13,2026-07-13,normal,unspecified,2984872,2a4e08bd158aee71b62960f07d9ef507b93e1c2b95782ac458cbf20394135a3f,True,,491,True,True,0.050198315499999424,339,1,319,28.022798538208008,32.291107177734375,32.52083206176758,0.08168298006057739,0.047729773391747415,0.0037453544170782966,1,,False,train_normal,
/Users/kai/project/train/data/2026_7_13/正常/xcp_2026-07-13_18-17-03.MF4,2026_7_13/正常/xcp_2026-07-13_18-17-03.MF4,2026_7_13,2026-07-13,normal,unspecified,14703832,c428507c745fc85a6fbd30a3af296d38b1d5a4822c130aa5adbb91c4a7f31e34,True,,3376,True,True,0.050008749999999935,3025,3,2464,30.077287673950195,32.27297592163086,35.2712516784668,1.8215607404708862,0.21084300978878695,0.020343958796033346,1,,False,train_normal,
/Users/kai/project/train/data/2026_7_13/正常/xcp_2026-07-13_18-20-35.MF4,2026_7_13/正常/xcp_2026-07-13_18-20-35.MF4,2026_7_13,2026-07-13,normal,unspecified,5625168,5c46e9925219cfc2912e84c475486042e7fbae3d6ce0371e94e205faa969e411,True,,1141,True,True,0.050023280499997824,1114,1,149,18.263715744018555,18.340112686157227,18.417238235473633,1.9565563201904297,0.6098907167768863,0.07815545005740501,1,,False,train_normal,
/Users/kai/project/train/data/2026_7_13/正常/xcp_2026-07-13_18-21-54.MF4,2026_7_13/正常/xcp_2026-07-13_18-21-54.MF4,2026_7_13,2026-07-13,normal,unspecified,1786576,80854863d6672d9f9645a197892a8370671c765e869a6e64d021a5998da98eab,True,,196,True,True,0.05006628699999999,88,0,0,,,,,,,1,,False,,no_eligible_lcc_segment
/Users/kai/project/train/data/2026_7_13/正常/xcp_2026-07-13_18-24-08.MF4,2026_7_13/正常/xcp_2026-07-13_18-24-08.MF4,2026_7_13,2026-07-13,normal,unspecified,5032120,5cbd38310947db29a0231c5ce0607b8b392498c15b1f82363d4c0362c26271bf,True,,995,True,True,0.05002324699999505,861,1,312,9.138422012329102,12.816573143005371,12.990936279296875,0.16301202774047852,0.07802857102416501,0.0226360747497133,1,,False,train_normal,
/Users/kai/project/train/data/2026_7_13/正常/xcp_2026-07-13_18-25-25.MF4,2026_7_13/正常/xcp_2026-07-13_18-25-25.MF4,2026_7_13,2026-07-13,normal,unspecified,10621520,77ed2573173f04039a3efa1321bcee0834508338db8dbe9da8adbe07c413733c,True,,2371,True,True,0.050014457000003176,2166,2,2126,26.614044189453125,34.18379592895508,35.45188522338867,0.29661375284194946,0.12536376472751914,0.017138787022824866,1,,False,train_normal,
/Users/kai/project/train/data/2026_7_13/正常/xcp_2026-07-13_18-36-18.MF4,2026_7_13/正常/xcp_2026-07-13_18-36-18.MF4,2026_7_13,2026-07-13,normal,unspecified,7794280,2f6d5452ba820434f7469159db460f178e6ca2dae53e1990c16d9a436d061bb2,True,,1675,True,True,0.04997823899999965,1675,0,0,,,,,,,1,,False,,no_eligible_lcc_segment
/Users/kai/project/train/data/2026_7_13/正常/xcp_2026-07-13_18-39-02.MF4,2026_7_13/正常/xcp_2026-07-13_18-39-02.MF4,2026_7_13,2026-07-13,normal,unspecified,2269960,15e47a68e65306944684d98c428c14bbcb89b871f045f7c9a50cf65b9a334809,True,,315,True,True,0.04999671249999982,84,0,0,,,,,,,1,,False,,no_eligible_lcc_segment
/Users/kai/project/train/data/2026_7_13/正常/xcp_2026-07-13_18-39-44.MF4,2026_7_13/正常/xcp_2026-07-13_18-39-44.MF4,2026_7_13,2026-07-13,normal,unspecified,20419096,ad5d0b38dd6804ef1e4d499a4042967279f58847952dffea1a2029919f705793,True,,4783,True,True,0.04997623150000052,4634,1,296,17.40488052368164,25.427669525146484,29.756216049194336,0.1277744174003601,0.08741874498063175,0.012366332195605142,1,,False,train_normal,
/Users/kai/project/train/data/2026_7_13/正常/xcp_2026-07-13_18-47-00.MF4,2026_7_13/正常/xcp_2026-07-13_18-47-00.MF4,2026_7_13,2026-07-13,normal,unspecified,4820896,064c03fb982d55070ca07d6d0046690ccdcd93d34f732f94e5f1ae9e644fb8fb,True,,943,True,True,0.04994595450000361,0,0,0,,,,,,,1,,False,,no_eligible_lcc_segment
/Users/kai/project/train/data/2026_7_13/正常/xcp_2026-07-13_18-47-56.MF4,2026_7_13/正常/xcp_2026-07-13_18-47-56.MF4,2026_7_13,2026-07-13,normal,unspecified,7294648,08cfc752dbd2f329a6b2b0a22a0b120daf61f79e5d9ec93fde1144e76a118b81,True,,1552,True,True,0.05002471799999597,624,1,604,31.714231491088867,34.42868232727051,35.277076721191406,0.529057502746582,0.1929787344639326,0.012223082488540758,1,,False,train_normal,
/Users/kai/project/train/data/2026_7_13/正常/xcp_2026-07-13_18-52-48.MF4,2026_7_13/正常/xcp_2026-07-13_18-52-48.MF4,2026_7_13,2026-07-13,normal,unspecified,10276248,691ef2a1ae615ec22356d9fb5392ca7c31d771471489646acd38c758628a3e6c,True,,2286,True,True,0.05002668000000199,1957,3,1897,25.890413284301758,29.447864532470703,29.78780746459961,0.21381884813308716,0.080665270524698,0.004944012467228432,1,,False,train_normal,
/Users/kai/project/train/data/2026_7_13/正常/xcp_2026-07-13_18-55-13.MF4,2026_7_13/正常/xcp_2026-07-13_18-55-13.MF4,2026_7_13,2026-07-13,normal,unspecified,2607104,44cacf933e26a2ca4c6043de7ed13264aab460e279ab96c295109c973bd43f99,True,,398,True,True,0.050014167999998804,176,1,131,25.960128784179688,28.183382034301758,29.587369918823242,0.4961799383163452,0.15348911868223172,0.01018720776390549,1,,False,train_normal,
/Users/kai/project/train/data/2026_7_15/abormal/ACC 刹车晚，驾驶员被迫紧急接管/xcp_2026-07-15_17-57-31.MF4,2026_7_15/abormal/ACC 刹车晚，驾驶员被迫紧急接管/xcp_2026-07-15_17-57-31.MF4,2026_7_15,2026-07-15,abnormal,ACC 刹车晚，驾驶员被迫紧急接管,9329800,d56fdba721ae2335d16a801ce8f61e23910af205a2a82148447febc65f7ebea1,True,,2053,True,True,0.05001065299999574,0,0,0,,,,,,,1,,False,,no_eligible_lcc_segment
/Users/kai/project/train/data/2026_7_15/abormal/ACC丢失了跟车目标，驾驶员立即接管了刹车和油门/xcp_2026-07-15_17-54-54.MF4,2026_7_15/abormal/ACC丢失了跟车目标，驾驶员立即接管了刹车和油门/xcp_2026-07-15_17-54-54.MF4,2026_7_15,2026-07-15,abnormal,ACC丢失了跟车目标，驾驶员立即接管了刹车和油门,9378544,d21dbff364335c5c8316baee33261384cb5654aa31620a85caef3f59c9e29ecb,True,,2065,True,True,0.050016465500000606,0,0,0,,,,,,,1,,False,,no_eligible_lcc_segment
/Users/kai/project/train/data/2026_7_15/abormal/ACC在起步时。定速60，没有锁定目标控速/xcp_2026-07-15_18-22-07.MF4,2026_7_15/abormal/ACC在起步时。定速60，没有锁定目标控速/xcp_2026-07-15_18-22-07.MF4,2026_7_15,2026-07-15,abnormal,ACC在起步时。定速60，没有锁定目标控速,1299136,bdf7d0a4d03fba9ed4a6c8e7c500cd94f9222f76e7fe039f3d120a0e34b4192c,True,,76,True,True,0.05003677900000003,0,0,0,,,,,,,1,,False,,no_eligible_lcc_segment
/Users/kai/project/train/data/2026_7_15/abormal/alc变道异常退回/xcp_2026-07-15_16-13-43.MF4,2026_7_15/abormal/alc变道异常退回/xcp_2026-07-15_16-13-43.MF4,2026_7_15,2026-07-15,abnormal,alc变道异常退回,4300960,3bfca9cf3b470ff92d8aab0a4fc955ec9fa28c3f9d427438f95c334175598d4a,True,,815,True,True,0.050051113000000313,314,2,274,23.987165451049805,27.19927406311035,28.357463836669922,0.4940947890281677,0.12150094111294893,0.007931803139177518,1,,False,stress_dev,
/Users/kai/project/train/data/2026_7_15/abormal/alc后面危险变道/xcp_2026-07-15_16-11-08.MF4,2026_7_15/abormal/alc后面危险变道/xcp_2026-07-15_16-11-08.MF4,2026_7_15,2026-07-15,abnormal,alc后面危险变道,2810200,15491ddb4617cdceb8879799c3e451ec0612b3f5758da99f9539dc1df08872e2,True,,448,True,True,0.05001586299999872,222,1,202,21.557071685791016,21.680984497070312,21.871313095092773,0.15248852968215942,0.09765542226274605,0.01024044927499322,1,,False,stress_dev,
/Users/kai/project/train/data/2026_7_15/abormal/alc后面危险变道2/xcp_2026-07-15_16-11-34.MF4,2026_7_15/abormal/alc后面危险变道2/xcp_2026-07-15_16-11-34.MF4,2026_7_15,2026-07-15,abnormal,alc后面危险变道2,3346384,4fb45fc2a7a5a750cc7d3b5d8f579619994788ff27da0fb9167ad929647b6bb1,True,,580,True,True,0.049981330999999685,430,2,390,20.380319595336914,21.463642120361328,24.008169174194336,0.2202717661857605,0.13092230846135416,0.011884483237384247,1,,False,stress_dev,
/Users/kai/project/train/data/2026_7_15/abormal/alc后面危险变道2/xcp_2026-07-15_16-12-08.MF4,2026_7_15/abormal/alc后面危险变道2/xcp_2026-07-15_16-12-08.MF4,2026_7_15,2026-07-15,abnormal,alc后面危险变道2,3630728,c5219971db1b17cc428eb5ff481d700b7a6d35e64038900b8340d3dadca15c40,True,,650,True,True,0.0499868819999989,95,0,0,,,,,,,1,,False,,no_eligible_lcc_segment
/Users/kai/project/train/data/2026_7_15/abormal/alc无法变道/xcp_2026-07-15_16-36-16.MF4,2026_7_15/abormal/alc无法变道/xcp_2026-07-15_16-36-16.MF4,2026_7_15,2026-07-15,abnormal,alc无法变道,8858520,da9ecccc72b2d26d326a223bcdfc5c692519d0074d40a85b98f18af155f50ff0,True,,1937,True,True,0.05001005499999778,722,2,484,16.299850463867188,16.6760892868042,24.89348793029785,0.16433382034301758,0.060852055958874766,0.02247425584243816,1,,False,stress_dev,
/Users/kai/project/train/data/2026_7_15/abormal/alc连续变道/xcp_2026-07-15_16-09-21.MF4,2026_7_15/abormal/alc连续变道/xcp_2026-07-15_16-09-21.MF4,2026_7_15,2026-07-15,abnormal,alc连续变道,5361136,9943f902357a1f84882d72f5e980718cb22834c300f1f194b62f6e2b88de00bf,True,,1076,True,True,0.050026345000006245,894,1,653,21.947437286376953,23.83448600769043,25.137027740478516,0.35904431343078613,0.19700359754580257,0.008729051345197806,1,,False,stress_dev,
/Users/kai/project/train/data/2026_7_15/abormal/lcc偏左/xcp_2026-07-15_16-28-22.MF4,2026_7_15/abormal/lcc偏左/xcp_2026-07-15_16-28-22.MF4,2026_7_15,2026-07-15,abnormal,lcc偏左,12441296,4642ce25b884625dfdea20b84e655828b2ac654e8d41cea1e910e7b87bcde98c,True,,2819,True,True,0.0499882375000027,2468,1,675,10.798505783081055,15.511635780334473,19.533000946044922,1.9003578424453735,0.35506667256830626,0.018686407448048663,1,,False,stress_dev,
/Users/kai/project/train/data/2026_7_15/abormal/lcc弯中开启，压线/xcp_2026-07-15_16-01-56.MF4,2026_7_15/abormal/lcc弯中开启，压线/xcp_2026-07-15_16-01-56.MF4,2026_7_15,2026-07-15,abnormal,lcc弯中开启，压线,4731528,bba976fcc06e582869c7cd30ff6276b0a5a98a928eea56820908e377d2360f9c,True,,921,True,True,0.05005209200000227,592,1,572,5.11251974105835,8.277160167694092,12.952485084533691,1.0899649858474731,0.44483832918652066,0.4553885630587221,1,,False,stress_dev,
/Users/kai/project/train/data/2026_7_15/abormal/lcc弯中开启，压线/xcp_2026-07-15_16-04-09.MF4,2026_7_15/abormal/lcc弯中开启，压线/xcp_2026-07-15_16-04-09.MF4,2026_7_15,2026-07-15,abnormal,lcc弯中开启，压线,4711216,a32f943237f0846a3b6f6e1ed47e3fd7f1362d223856dc7f19ec2bfa73b3e8a4,True,,916,True,True,0.050015360999999814,450,1,430,10.520432472229004,13.654973030090332,14.085848808288574,0.1286940574645996,0.06727002927163103,0.017518720926618228,1,,False,stress_dev,
/Users/kai/project/train/data/2026_7_15/正常/xcp_2026-07-15_16-05-31.MF4,2026_7_15/正常/xcp_2026-07-15_16-05-31.MF4,2026_7_15,2026-07-15,normal,unspecified,2631472,4b996e8ee29d3c4d917c34569f7ad0ee1eaecd61ac02c36b420081ab771a4f75,True,,404,True,True,0.05000486999999865,404,0,0,,,,,,,1,,False,,no_eligible_lcc_segment
/Users/kai/project/train/data/2026_7_15/正常/xcp_2026-07-15_16-05-55.MF4,2026_7_15/正常/xcp_2026-07-15_16-05-55.MF4,2026_7_15,2026-07-15,normal,unspecified,3622600,f3f1c26b416d021b33fb8487eada97d9b54c8efef362f304839fb73c1d93d11d,True,,648,True,True,0.04998584400000183,632,0,0,,,,,,,1,,False,,no_eligible_lcc_segment
/Users/kai/project/train/data/2026_7_15/正常/xcp_2026-07-15_16-06-33.MF4,2026_7_15/正常/xcp_2026-07-15_16-06-33.MF4,2026_7_15,2026-07-15,normal,unspecified,7514000,51132673d0a9e9b12bdc5ad4b821b00a56579083abf73bd40ce5035a23638091,True,,1606,True,True,0.05001333399999908,1245,3,1185,22.477930068969727,28.140594482421875,29.775135040283203,0.40204811096191406,0.24489470081404485,0.014995301504870124,1,,False,train_normal,
/Users/kai/project/train/data/2026_7_15/正常/xcp_2026-07-15_16-07-58.MF4,2026_7_15/正常/xcp_2026-07-15_16-07-58.MF4,2026_7_15,2026-07-15,normal,unspecified,6433504,ff932e28dae3ed8a2e36903a0a296a89dc9f2dcf4aaf7849cba3cfc33d56351f,True,,1340,True,True,0.050016878000000986,961,3,801,21.15025520324707,25.47016143798828,29.453237533569336,0.30742979049682617,0.19416451926520642,0.012495378732728718,1,,False,train_normal,
/Users/kai/project/train/data/2026_7_15/正常/xcp_2026-07-15_16-12-54.MF4,2026_7_15/正常/xcp_2026-07-15_16-12-54.MF4,2026_7_15,2026-07-15,normal,unspecified,4560928,6966e8305dcce56e50c835998e6320b6794530b6b605eea34f009ecb09e36bba,True,,879,True,True,0.049997397499999985,749,1,685,22.99247169494629,23.88428497314453,25.61505699157715,0.15764206647872925,0.07352778739010984,0.008319947522105232,1,,False,train_normal,
/Users/kai/project/train/data/2026_7_15/正常/xcp_2026-07-15_16-14-30.MF4,2026_7_15/正常/xcp_2026-07-15_16-14-30.MF4,2026_7_15,2026-07-15,normal,unspecified,5787648,df2e28ca08203e54f943cce1975757dd9f4788844c49ec2c33c26953414fbded,True,,1181,True,True,0.049991130500000036,646,2,491,18.180517196655273,25.077383041381836,28.321271896362305,0.312522292137146,0.1146386811782272,0.01393683889425379,1,,False,train_normal,
/Users/kai/project/train/data/2026_7_15/正常/xcp_2026-07-15_16-15-33.MF4,2026_7_15/正常/xcp_2026-07-15_16-15-33.MF4,2026_7_15,2026-07-15,normal,unspecified,6628480,6a4ea7bce47d4ad81919fa99c34ae9e077a2585eb537fc91d74a671e5be2cce5,True,,1388,True,True,0.04998560800000001,1388,1,1368,2.336932420730591,5.824273109436035,11.533576965332031,0.14035803079605103,0.07022321834180247,0.029225370625543253,1,,False,train_normal,
/Users/kai/project/train/data/2026_7_15/正常/xcp_2026-07-15_16-16-48.MF4,2026_7_15/正常/xcp_2026-07-15_16-16-48.MF4,2026_7_15,2026-07-15,normal,unspecified,7863328,a572ac6d7ffd942b7d2cdee44fc2012c85b9ad26005a950101c1b58fffa174f9,True,,1692,True,True,0.049969339999996976,1537,1,991,2.8767831325531006,5.080600738525391,7.746795177459717,0.2778702974319458,0.060035785948270186,0.028269275764874275,1,,False,train_normal,
/Users/kai/project/train/data/2026_7_15/正常/xcp_2026-07-15_16-18-17.MF4,2026_7_15/正常/xcp_2026-07-15_16-18-17.MF4,2026_7_15,2026-07-15,normal,unspecified,9195664,3e9a600a612b34a5f875c29404f07c0f69becdb10f83010cfef16a780f78e6fb,True,,2020,True,True,0.04998333499999319,1515,2,1475,3.430041551589966,11.092434883117676,13.37688159942627,0.18383550643920898,0.061871559153708615,0.016559642485591483,1,,False,train_normal,
/Users/kai/project/train/data/2026_7_15/正常/xcp_2026-07-15_16-20-03.MF4,2026_7_15/正常/xcp_2026-07-15_16-20-03.MF4,2026_7_15,2026-07-15,normal,unspecified,8655424,2063149250db974fd8b85fa8818d014c88e67f7fd50b64f65286e7a462605aba,True,,1887,True,True,0.050021106999999176,1745,0,0,,,,,,,1,,False,,no_eligible_lcc_segment
/Users/kai/project/train/data/2026_7_15/正常/xcp_2026-07-15_16-22-23.MF4,2026_7_15/正常/xcp_2026-07-15_16-22-23.MF4,2026_7_15,2026-07-15,normal,unspecified,10008160,3c91282293cf0a8891bb6ceb636869e8651c69535a2ec1b810f9b32a1de47b5a,True,,2220,True,True,0.050004768999997395,2220,1,2200,9.195319175720215,11.93050241470337,13.695901870727539,0.27675241231918335,0.10676016904858575,0.03129072705257424,1,,False,train_normal,
/Users/kai/project/train/data/2026_7_15/正常/xcp_2026-07-15_16-24-48.MF4,2026_7_15/正常/xcp_2026-07-15_16-24-48.MF4,2026_7_15,2026-07-15,normal,unspecified,8850400,e674835f5aa66c5231c4f97eb5d4962c61f931f9dbc8de702b7f705c360ba41c,True,,1935,True,True,0.05003052049999823,1519,2,1275,18.405054092407227,21.19024085998535,22.694591522216797,0.19643241167068481,0.07864996214809236,0.008138169265094444,1,,False,train_normal,
/Users/kai/project/train/data/2026_7_15/正常/xcp_2026-07-15_16-26-47.MF4,2026_7_15/正常/xcp_2026-07-15_16-26-47.MF4,2026_7_15,2026-07-15,normal,unspecified,1908440,192bb2e7500968022af2c2d5579b3b5a3cbccb7327776313dc298cacb11678b5,True,,226,True,True,0.04991885399999951,118,0,0,,,,,,,1,,False,,no_eligible_lcc_segment
/Users/kai/project/train/data/2026_7_15/正常/xcp_2026-07-15_16-27-12.MF4,2026_7_15/正常/xcp_2026-07-15_16-27-12.MF4,2026_7_15,2026-07-15,normal,unspecified,5913568,f5192b5c176a61ae96578ac3adab9ce5382082d5351f9c424cf3c84bf2df5136,True,,1212,True,True,0.050024327000000035,1094,1,1063,20.928030014038086,22.75621795654297,25.08475685119629,0.20066404342651367,0.09917998463729644,0.010093522367817498,1,,False,train_normal,
/Users/kai/project/train/data/2026_7_15/正常/xcp_2026-07-15_16-38-03.MF4,2026_7_15/正常/xcp_2026-07-15_16-38-03.MF4,2026_7_15,2026-07-15,normal,unspecified,4463440,fe392528fec60af1e7dd20eac823bc59a59071d3f790011cb53bf67245c0c239,True,,855,True,True,0.05001620000000173,387,1,115,23.92984962463379,23.993532180786133,24.09809112548828,0.09230124950408936,0.051646400087042695,0.0048417246573533804,1,,False,train_normal,
/Users/kai/project/train/data/2026_7_15/正常/xcp_2026-07-15_16-40-04.MF4,2026_7_15/正常/xcp_2026-07-15_16-40-04.MF4,2026_7_15,2026-07-15,normal,unspecified,5864824,b90945d67e16f322b8eb1ae6ec39d3d02606c035940fc8425ffa61de7e7459e0,True,,1200,True,True,0.049975961000001234,1005,2,925,19.38547706604004,21.306001663208008,26.851703643798828,0.251106858253479,0.08947405526490261,0.01850369364999548,1,,False,train_normal,
/Users/kai/project/train/data/2026_7_15/正常/xcp_2026-07-15_16-41-10.MF4,2026_7_15/正常/xcp_2026-07-15_16-41-10.MF4,2026_7_15,2026-07-15,normal,unspecified,5023992,6be7432e3bc94fd7e09ce31adf920fdd85b57819164d9fbd26e7714524cc8934,True,,993,True,True,0.049996780500000115,760,1,740,5.814573764801025,17.832380294799805,21.402881622314453,0.3744857907295227,0.15077698377584417,0.0241546968260542,1,,False,train_normal,
/Users/kai/project/train/data/2026_7_15/正常/xcp_2026-07-15_16-43-22.MF4,2026_7_15/正常/xcp_2026-07-15_16-43-22.MF4,2026_7_15,2026-07-15,normal,unspecified,6742216,7c4f978e24ec588a2ccf7b801120743fdc33d0777fe0e4ffda72205aee823b0f,True,,1416,True,True,0.049966357000002404,874,1,763,4.170604228973389,7.488925933837891,11.387856483459473,0.2559536099433899,0.03868383460188173,0.025199791523314204,1,,False,train_normal,
/Users/kai/project/train/data/2026_7_15/正常/xcp_2026-07-15_16-44-40.MF4,2026_7_15/正常/xcp_2026-07-15_16-44-40.MF4,2026_7_15,2026-07-15,normal,unspecified,4406568,b60584c91ddcdf447521deef0b700227a000c38101187c754b3e1a19745f7f3d,True,,841,True,True,0.050081711000000695,444,1,167,11.403563499450684,11.4771146774292,12.684853553771973,0.09934771060943604,0.057954083202383,0.026838435437640844,1,,False,train_normal,
/Users/kai/project/train/data/2026_7_15/正常/xcp_2026-07-15_16-56-21.MF4,2026_7_15/正常/xcp_2026-07-15_16-56-21.MF4,2026_7_15,2026-07-15,normal,unspecified,2830512,0522df26466af9819aebbaa67a1280a939d678cdea11726cba597806f4d46520,True,,453,True,True,0.050011276000000215,0,0,0,,,,,,,1,,False,,no_eligible_lcc_segment
/Users/kai/project/train/data/2026_7_15/正常/xcp_2026-07-15_17-47-41.MF4,2026_7_15/正常/xcp_2026-07-15_17-47-41.MF4,2026_7_15,2026-07-15,normal,unspecified,13940176,7143a85ac7bff1c93d92054778732f977af2df3c68fe994a9b54cb8fa6c38436,True,,3188,True,True,0.049998654999996006,0,0,0,,,,,,,1,,False,,no_eligible_lcc_segment
/Users/kai/project/train/data/2026_7_15/正常/xcp_2026-07-15_17-50-28.MF4,2026_7_15/正常/xcp_2026-07-15_17-50-28.MF4,2026_7_15,2026-07-15,normal,unspecified,10621520,7ec2cf5c257b3f59f6b681b240323f426c42bc4e41f56051bf549872a27e6f88,True,,2371,True,True,0.05003123300000567,0,0,0,,,,,,,1,,False,,no_eligible_lcc_segment
/Users/kai/project/train/data/2026_7_15/正常/xcp_2026-07-15_17-52-39.MF4,2026_7_15/正常/xcp_2026-07-15_17-52-39.MF4,2026_7_15,2026-07-15,normal,unspecified,11027720,6692c08181bea957b72aafb6085cf76991abce5ab15240eb237382e015bded3d,True,,2471,True,True,0.050005695500001224,0,0,0,,,,,,,1,,False,,no_eligible_lcc_segment
/Users/kai/project/train/data/2026_7_15/正常/xcp_2026-07-15_17-59-45.MF4,2026_7_15/正常/xcp_2026-07-15_17-59-45.MF4,2026_7_15,2026-07-15,normal,unspecified,6380704,0d4264063ef441c95a83c2a3a9fa4e874baaace7f62522234381f801bb1ac20e,True,,1327,True,True,0.050002251499999595,0,0,0,,,,,,,1,,False,,no_eligible_lcc_segment
/Users/kai/project/train/data/2026_7_15/正常/xcp_2026-07-15_18-00-57.MF4,2026_7_15/正常/xcp_2026-07-15_18-00-57.MF4,2026_7_15,2026-07-15,normal,unspecified,7847080,12009c93bb9de0b885ba280087655e3ef9aeecf634a01dea946abbb4dc5e6283,True,,1688,True,True,0.049989225000000914,0,0,0,,,,,,,1,,False,,no_eligible_lcc_segment
/Users/kai/project/train/data/2026_7_15/正常/xcp_2026-07-15_18-02-30.MF4,2026_7_15/正常/xcp_2026-07-15_18-02-30.MF4,2026_7_15,2026-07-15,normal,unspecified,10983040,0e13b0bae515c27c52f80f5b375323710f8d323296dd4f2514e38189c8ce2386,True,,2460,True,True,0.04998026500000208,0,0,0,,,,,,,1,,False,,no_eligible_lcc_segment
/Users/kai/project/train/data/2026_7_15/正常/xcp_2026-07-15_18-04-39.MF4,2026_7_15/正常/xcp_2026-07-15_18-04-39.MF4,2026_7_15,2026-07-15,normal,unspecified,4658416,6ebe675bc5bebb49e084842b7cdfc3e67ffdb85fd45cffb1b212c78368be4cb8,True,,903,True,True,0.050015550499999506,0,0,0,,,,,,,1,,False,,no_eligible_lcc_segment
/Users/kai/project/train/data/2026_7_15/正常/xcp_2026-07-15_18-05-30.MF4,2026_7_15/正常/xcp_2026-07-15_18-05-30.MF4,2026_7_15,2026-07-15,normal,unspecified,5040240,74e292f1d3534e83012a73cdfcf8b477422e90a8bd3febe327a5a80642f73776,True,,997,True,True,0.04997878100000008,0,0,0,,,,,,,1,,False,,no_eligible_lcc_segment
/Users/kai/project/train/data/2026_7_15/正常/xcp_2026-07-15_18-08-39.MF4,2026_7_15/正常/xcp_2026-07-15_18-08-39.MF4,2026_7_15,2026-07-15,normal,unspecified,11052088,59ad284e07f4809be0a37fae329e3fbd63f285e341de5f99f52c8e893b8ccbe5,True,,2477,True,True,0.049999725499998426,0,0,0,,,,,,,1,,False,,no_eligible_lcc_segment
/Users/kai/project/train/data/2026_7_15/正常/xcp_2026-07-15_18-10-48.MF4,2026_7_15/正常/xcp_2026-07-15_18-10-48.MF4,2026_7_15,2026-07-15,normal,unspecified,5986688,fa52efaba82890053d5bfc17acd288cf566528e2f051e9cf5fecfe51ff7fb23b,True,,1230,True,True,0.050015895999997895,0,0,0,,,,,,,1,,False,,no_eligible_lcc_segment
/Users/kai/project/train/data/2026_7_15/正常/xcp_2026-07-15_18-12-27.MF4,2026_7_15/正常/xcp_2026-07-15_18-12-27.MF4,2026_7_15,2026-07-15,normal,unspecified,4638104,567c4437ffb15af9753de4fd801583acbf45321e59d827db239bf879ce90c384,True,,898,True,True,0.050025854999997676,0,0,0,,,,,,,1,,False,,no_eligible_lcc_segment
/Users/kai/project/train/data/2026_7_15/正常/xcp_2026-07-15_18-13-28.MF4,2026_7_15/正常/xcp_2026-07-15_18-13-28.MF4,2026_7_15,2026-07-15,normal,unspecified,9707568,0b9740ea77eb634727389128031ee6a13fdd3d031ad768cdf17077809c85b930,True,,2146,True,True,0.05004228900000007,0,0,0,,,,,,,1,,False,,no_eligible_lcc_segment
/Users/kai/project/train/data/2026_7_15/正常/xcp_2026-07-15_18-17-25.MF4,2026_7_15/正常/xcp_2026-07-15_18-17-25.MF4,2026_7_15,2026-07-15,normal,unspecified,12416920,cb4828177da13b0e46a6a2d7081a6688854008738ef5a5e72ef3a419479b7619,True,,2813,True,True,0.05000435500000222,0,0,0,,,,,,,1,,False,,no_eligible_lcc_segment
/Users/kai/project/train/data/2026_7_15/正常/xcp_2026-07-15_18-22-59.MF4,2026_7_15/正常/xcp_2026-07-15_18-22-59.MF4,2026_7_15,2026-07-15,normal,unspecified,11125208,44015aa130b4690a93c3380b0a440b6f9b4a53cb3606dcf9408855fa47163782,True,,2495,True,True,0.050002864500001465,0,0,0,,,,,,,1,,False,,no_eligible_lcc_segment
/Users/kai/project/train/data/2026_7_15/正常/xcp_2026-07-15_18-26-13.MF4,2026_7_15/正常/xcp_2026-07-15_18-26-13.MF4,2026_7_15,2026-07-15,normal,unspecified,11982288,d686962bdb73bf6d45657fac7b96f30794703388d39c2dcc8c84a036241b112a,True,,2706,True,True,0.05001924200000474,0,0,0,,,,,,,1,,False,,no_eligible_lcc_segment
/Users/kai/project/train/data/2026_7_16/abnormal/ACC丢失跟车目标，驾驶员接管（cutout）/xcp_2026-07-16_16-40-06.MF4,2026_7_16/abnormal/ACC丢失跟车目标，驾驶员接管（cutout）/xcp_2026-07-16_16-40-06.MF4,2026_7_16,2026-07-16,abnormal,ACC丢失跟车目标，驾驶员接管（cutout）,5093048,cde7721b5c75e3c0b71a9a084ae7601724fa301534c8949f1764dd3aecf032fa,True,,1010,True,True,0.04998027899999968,697,3,637,9.538373947143555,12.480225563049316,15.054167747497559,0.3652985692024231,0.14296629979343417,0.05378159100929027,1,,False,stress_dev,
/Users/kai/project/train/data/2026_7_16/abnormal/ALC（自动变道辅助）出现异常行为/xcp_2026-07-16_16-24-16.MF4,2026_7_16/abnormal/ALC（自动变道辅助）出现异常行为/xcp_2026-07-16_16-24-16.MF4,2026_7_16,2026-07-16,abnormal,ALC（自动变道辅助）出现异常行为,10004096,34ed29089d62b0fef49e1c2a5cf129c79b18f1085f978cfdb3b7a77fafcdac6e,True,,2219,True,True,0.05001108200000459,2063,1,1943,20.33536720275879,23.728437423706055,28.135892868041992,0.24158364534378052,0.09845621813214325,0.010532508212153265,1,,False,stress_dev,
/Users/kai/project/train/data/2026_7_16/abnormal/TJA？/xcp_2026-07-16_16-37-56.MF4,2026_7_16/abnormal/TJA？/xcp_2026-07-16_16-37-56.MF4,2026_7_16,2026-07-16,abnormal,TJA？,9971600,c101c3ace1002df817b0f7f4400bf18a21c8dbd861196cf29ae6053002384158,True,,2211,True,True,0.050013075000002516,2109,1,848,10.449336051940918,12.44516897201538,17.36290740966797,0.24347084760665894,0.12002528222137612,0.03048858266642869,1,,False,stress_dev,
/Users/kai/project/train/data/2026_7_16/abnormal/在右弯中，LCC偏左行驶/xcp_2026-07-16_16-41-38.MF4,2026_7_16/abnormal/在右弯中，LCC偏左行驶/xcp_2026-07-16_16-41-38.MF4,2026_7_16,2026-07-16,abnormal,在右弯中，LCC偏左行驶,8403576,3aac502ea501d0679dc0b26cd15b5fb6930c6332fdda201cfbb3fc35c8ff1eed,True,,1825,True,True,0.04999852000000082,1408,3,1337,4.195492744445801,15.579914093017578,20.950597763061523,0.7159898281097412,0.16131525613143555,0.044626029439507005,1,,False,stress_dev,
/Users/kai/project/train/data/2026_7_16/abnormal/经过一个大曲率左弯时，LCC（车道居中）在工作/xcp_2026-07-16_16-11-08.MF4,2026_7_16/abnormal/经过一个大曲率左弯时，LCC（车道居中）在工作/xcp_2026-07-16_16-11-08.MF4,2026_7_16,2026-07-16,abnormal,经过一个大曲率左弯时，LCC（车道居中）在工作,10142200,1f43841b12190d65346b385efe9805ed052bff40f82fe32300cd83053fc8c753,True,,2253,True,True,0.05000337549999756,2127,2,2046,23.663692474365234,26.45698833465576,29.041080474853516,0.45668739080429077,0.21056470767936658,0.0174046863845564,1,,False,stress_dev,
/Users/kai/project/train/data/2026_7_16/正常/xcp_2026-07-16_16-09-55.MF4,2026_7_16/正常/xcp_2026-07-16_16-09-55.MF4,2026_7_16,2026-07-16,normal,unspecified,6543184,f81394f2f6291d7ba31e2eff96bef2d9e1b48d00feeb4d760b33035a0479015a,True,,1367,True,True,0.049970640499999774,1159,2,1119,22.8373966217041,28.766481399536133,32.35331344604492,0.2692180871963501,0.0968070922656868,0.01676831234948957,1,,False,val_normal,
/Users/kai/project/train/data/2026_7_16/正常/xcp_2026-07-16_16-13-07.MF4,2026_7_16/正常/xcp_2026-07-16_16-13-07.MF4,2026_7_16,2026-07-16,normal,unspecified,8017688,a988ed9ff944049d2a02774f3cef4f0aaba05f4f2ecc9f1b69a698a7f2f05c1b,True,,1730,True,True,0.05001035599999781,1618,2,1578,21.119428634643555,25.211511611938477,27.99853515625,0.25572580099105835,0.10258481514274032,0.004924595278217545,1,,False,val_normal,
/Users/kai/project/train/data/2026_7_16/正常/xcp_2026-07-16_16-14-39.MF4,2026_7_16/正常/xcp_2026-07-16_16-14-39.MF4,2026_7_16,2026-07-16,normal,unspecified,7343392,246fe921257315935a9e49e7fcacb6641e618e5928fd295df543f51592aa1496,True,,1564,True,True,0.050006372000000354,1564,1,1544,21.763473510742188,22.63270664215088,24.592769622802734,0.22332531213760376,0.09356316398963932,0.006053987315346853,1,,False,val_normal,
/Users/kai/project/train/data/2026_7_16/正常/xcp_2026-07-16_16-16-05.MF4,2026_7_16/正常/xcp_2026-07-16_16-16-05.MF4,2026_7_16,2026-07-16,normal,unspecified,14862248,493e8c9841513f63c9e48436afbdc87a21efebd5fe8a0c49f2de10f6fa77b9f0,True,,3415,True,True,0.05000211549999989,1749,2,1644,2.288334369659424,10.974727630615234,25.704753875732422,0.5301228761672974,0.08353469967977076,0.09270419090505012,1,,False,val_normal,
/Users/kai/project/train/data/2026_7_16/正常/xcp_2026-07-16_16-19-37.MF4,2026_7_16/正常/xcp_2026-07-16_16-19-37.MF4,2026_7_16,2026-07-16,normal,unspecified,8452320,f40ec1d5e8e9dae085205d11289416cd983638ae1f0b96294465da8a92426c7a,True,,1837,True,True,0.0499958354999972,1837,1,1817,20.81778335571289,23.88387107849121,26.705045700073242,0.3353652358055115,0.09482591750453652,0.008600477698631712,1,,False,val_normal,
/Users/kai/project/train/data/2026_7_16/正常/xcp_2026-07-16_16-21-14.MF4,2026_7_16/正常/xcp_2026-07-16_16-21-14.MF4,2026_7_16,2026-07-16,normal,unspecified,10617456,6c2d5b6977269066399206b4cbd54350df969263c9172fbca696258dee9bb3d9,True,,2370,True,True,0.0500108560000001,2370,1,2350,22.448623657226562,25.386549949645996,28.35167121887207,0.4092699885368347,0.15077282034858566,0.02046291733026853,1,,False,val_normal,
/Users/kai/project/train/data/2026_7_16/正常/xcp_2026-07-16_16-23-17.MF4,2026_7_16/正常/xcp_2026-07-16_16-23-17.MF4,2026_7_16,2026-07-16,normal,unspecified,5418008,d2392f1b70b71dc9e7ef9f8f48795cd152aca1ecccadf606b5d045b62c4ade7d,True,,1090,True,True,0.04998086300000004,1090,1,1070,17.30388832092285,22.363346099853516,26.98932456970215,0.2364102602005005,0.08018285492774571,0.005782943640364126,1,,False,val_normal,
/Users/kai/project/train/data/2026_7_16/正常/xcp_2026-07-16_16-26-13.MF4,2026_7_16/正常/xcp_2026-07-16_16-26-13.MF4,2026_7_16,2026-07-16,normal,unspecified,5462688,960d00e73a066f7b8393847b2ca4fc0b68c2d5e945dde0cd2df353ad9460832f,True,,1101,True,True,0.050038002500002676,1101,1,1033,20.06072235107422,22.694700241088867,28.387083053588867,0.4988868832588196,0.13097106144599294,0.03357414248098925,1,,False,val_normal,
/Users/kai/project/train/data/2026_7_16/正常/xcp_2026-07-16_16-27-12.MF4,2026_7_16/正常/xcp_2026-07-16_16-27-12.MF4,2026_7_16,2026-07-16,normal,unspecified,12453480,62668605abc1ef6b08b831b91dfc2799d2406eb71106af6e1442cff521ebf1b7,True,,2822,True,True,0.05001229799999862,2611,3,2551,13.5228910446167,16.05387306213379,26.267900466918945,0.35479986667633057,0.12714266752347175,0.012493664272804066,1,,False,val_normal,
/Users/kai/project/train/data/2026_7_16/正常/xcp_2026-07-16_16-29-39.MF4,2026_7_16/正常/xcp_2026-07-16_16-29-39.MF4,2026_7_16,2026-07-16,normal,unspecified,11206448,5d41451a108c82939a1cbef38bd8eb40009ff242d5acb086061108f4f9fc8189,True,,2515,True,True,0.04999753099999893,2515,1,234,18.328258514404297,20.181669235229492,26.33127212524414,1.7777832746505737,0.49275391091180776,0.027840997638758094,1,,False,val_normal,
/Users/kai/project/train/data/2026_7_16/正常/xcp_2026-07-16_16-34-03.MF4,2026_7_16/正常/xcp_2026-07-16_16-34-03.MF4,2026_7_16,2026-07-16,normal,unspecified,7087488,fdd1f1beaaf99cc3e363982960956beefea4d3bfd528049fd048b60e27323a57,True,,1501,True,True,0.050002806999998484,854,1,228,11.074094772338867,16.05143451690674,19.873905181884766,0.4807068705558777,0.16956573114810053,0.017838300199754416,1,,False,val_normal,
/Users/kai/project/train/data/2026_7_16/正常/xcp_2026-07-16_16-35-23.MF4,2026_7_16/正常/xcp_2026-07-16_16-35-23.MF4,2026_7_16,2026-07-16,normal,unspecified,13050592,0e9e9885a18412415d770cd862c3df23bae1166762fd118d1f2320c8089545f0,True,,2969,True,True,0.05001035500000217,2608,2,2221,6.888304710388184,12.214910507202148,19.476421356201172,0.49941569566726685,0.13856647146008705,0.039299439766813576,1,,False,val_normal,
/Users/kai/project/train/data/2026_7_17测试数据/good case/LCC 右弯50码GOOD/xcp_2026-07-17_19-14-18 - 副本.MF4,2026_7_17测试数据/good case/LCC 右弯50码GOOD/xcp_2026-07-17_19-14-18 - 副本.MF4,2026_7_17测试数据,2026-07-17,unlabelled,unlabelled,3474064,5e12aed7a0e5509414188ce54cd4a8bc7a5a4ee2804b8013dddc62cac8138a15,True,,610,True,True,0.04995470499999932,514,0,0,,,,,,,1,,False,,no_eligible_lcc_segment
/Users/kai/project/train/data/2026_7_17测试数据/good case/LDP GOOD/xcp_2026-07-17_18-33-44.MF4,2026_7_17测试数据/good case/LDP GOOD/xcp_2026-07-17_18-33-44.MF4,2026_7_17测试数据,2026-07-17,unlabelled,unlabelled,10140808,b532720b3dfba48a8f672f0ec3581122ccce0ec899d518c44c1bb9b12f8b323d,True,,2248,True,True,0.049996655000001056,0,0,0,,,,,,,1,,False,,no_eligible_lcc_segment
/Users/kai/project/train/data/2026_7_17测试数据/异常/9kph tja或lcc功能退出/xcp_2026-07-17_18-07-46.MF4,2026_7_17测试数据/异常/9kph tja或lcc功能退出/xcp_2026-07-17_18-07-46.MF4,2026_7_17测试数据,2026-07-17,abnormal,9kph tja或lcc功能退出,4064216,c0ba03d2ba52676b3fe0e5bad8aa5abfc07bedd85121e701a03d3c5b2abf6380,True,,755,True,True,0.049990678500000385,535,1,401,2.107208490371704,5.117980480194092,5.371871471405029,0.7887710332870483,0.20033361651996415,0.05374167955774602,1,,False,stress_final,
/Users/kai/project/train/data/2026_7_17测试数据/异常/TJA？/xcp_2026-07-17_17-56-37.MF4,2026_7_17测试数据/异常/TJA？/xcp_2026-07-17_17-56-37.MF4,2026_7_17测试数据,2026-07-17,abnormal,TJA？,11443208,26369c5256543e5088671f91a275df29ab1dd4819b6775738b3909c9e93513b5,True,,2568,True,True,0.049980184000006034,1993,0,0,,,,,,,1,,False,,no_eligible_lcc_segment
/Users/kai/project/train/data/2026_7_17测试数据/异常/acc左弯40kphcutin未减速/xcp_2026-07-17_18-22-06.MF4,2026_7_17测试数据/异常/acc左弯40kphcutin未减速/xcp_2026-07-17_18-22-06.MF4,2026_7_17测试数据,2026-07-17,abnormal,acc左弯40kphcutin未减速,5240440,8d8f94153d92ff90bdfe329675ddf45d355559fd0c21d77f34e24a0d8f471a99,True,,1044,True,True,0.05000211599999993,874,1,344,13.761652946472168,15.624359130859375,16.307758331298828,0.19008523225784302,0.08989526608991542,0.0862718424793289,1,,False,stress_final,
/Users/kai/project/train/data/2026_7_17测试数据/异常/alc fn 夜晚有灯/xcp_2026-07-17_19-06-08.MF4,2026_7_17测试数据/异常/alc fn 夜晚有灯/xcp_2026-07-17_19-06-08.MF4,2026_7_17测试数据,2026-07-17,abnormal,alc fn 夜晚有灯,10498968,d2d51393fdec6148bf947286cbe1dbaeda427774fe88d66306acf96e4e84bc48,True,,2336,True,True,0.04998717999999869,2336,1,2316,18.264493942260742,20.38185691833496,22.863012313842773,0.18576908111572266,0.08091461625778013,0.008102504306437887,1,,False,stress_final,
/Users/kai/project/train/data/2026_7_17测试数据/异常/alc100kph右后方危险变道/xcp_2026-07-17_18-29-28.MF4,2026_7_17测试数据/异常/alc100kph右后方危险变道/xcp_2026-07-17_18-29-28.MF4,2026_7_17测试数据,2026-07-17,abnormal,alc100kph右后方危险变道,8834256,42cb67b5e5a8065345472552dd81b5e23437dd75488dbc3e8374188675a9717b,True,,1927,True,True,0.050012493999997076,1910,1,1820,23.81858253479004,25.812960624694824,28.42095184326172,0.15756547451019287,0.06171269427566817,0.006410660719698543,1,,False,stress_final,
/Users/kai/project/train/data/2026_7_17测试数据/异常/alc左后测100kph危险变道/xcp_2026-07-17_18-16-33.MF4,2026_7_17测试数据/异常/alc左后测100kph危险变道/xcp_2026-07-17_18-16-33.MF4,2026_7_17测试数据,2026-07-17,abnormal,alc左后测100kph危险变道,2395512,ed51e4ebb137ed3f0e50681150581da9b35b7bd0416a6d377993b596c899e443,True,,345,True,True,0.05001166499999954,186,1,166,26.609331130981445,26.751710891723633,26.862773895263672,0.26996392011642456,0.21505964842760875,0.004557708377462353,1,,False,stress_final,
/Users/kai/project/train/data/2026_7_17测试数据/异常/alc左后测危险变道/xcp_2026-07-17_18-17-30.MF4,2026_7_17测试数据/异常/alc左后测危险变道/xcp_2026-07-17_18-17-30.MF4,2026_7_17测试数据,2026-07-17,abnormal,alc左后测危险变道,5810240,61e6c7aafceabcc953bbf660a61f5f57e92232efcaf8a6a3cef89030c66f66ac,True,,1184,True,True,0.04999115200000048,577,1,266,15.078085899353027,15.818492889404297,18.641071319580078,0.2721169590950012,0.10263977261582709,0.012465981322869342,1,,False,stress_final,
/Users/kai/project/train/data/2026_7_17测试数据/异常/alc左后测危险变道2/xcp_2026-07-17_18-19-44.MF4,2026_7_17测试数据/异常/alc左后测危险变道2/xcp_2026-07-17_18-19-44.MF4,2026_7_17测试数据,2026-07-17,abnormal,alc左后测危险变道2,10572232,ca3862cba29ed630f9588194425bc528058b33aaeca1979c22b63f155cbf61ee,True,,2354,True,True,0.050007673999999724,2005,4,1748,14.025218963623047,19.24286460876465,26.77267837524414,0.4576200246810913,0.08048128077728495,0.012098551155234612,1,,False,stress_final,
/Users/kai/project/train/data/2026_7_17测试数据/异常/alc迟缓变道/xcp_2026-07-17_18-26-03.MF4,2026_7_17测试数据/异常/alc迟缓变道/xcp_2026-07-17_18-26-03.MF4,2026_7_17测试数据,2026-07-17,abnormal,alc迟缓变道,9041824,a7ea99109d1501a6016c687f0a577d9fc55aaffe95d67d83060253073c891368,True,,1978,True,True,0.05001168700000003,1826,2,1540,18.13739013671875,26.449831008911133,27.019628524780273,0.3325861692428589,0.11859042100348832,0.01340147969036646,1,,False,stress_final,
/Users/kai/project/train/data/2026_7_17测试数据/异常/lcc 100kph进弯道未减速/xcp_2026-07-17_18-39-02.MF4,2026_7_17测试数据/异常/lcc 100kph进弯道未减速/xcp_2026-07-17_18-39-02.MF4,2026_7_17测试数据,2026-07-17,abnormal,lcc 100kph进弯道未减速,5745120,81743e4aa21dd5b5e485f2f8645666a36de8cb70d0596031aea4b7c5597540e0,True,,1168,True,True,0.05002863499999999,799,1,682,21.193822860717773,22.544097900390625,23.243520736694336,1.8098512887954712,0.25266078227565925,0.032156942460262385,1,,False,stress_final,
/Users/kai/project/train/data/2026_7_17测试数据/异常/lcc 55-80kph 左弯内切/xcp_2026-07-17_18-35-45.MF4,2026_7_17测试数据/异常/lcc 55-80kph 左弯内切/xcp_2026-07-17_18-35-45.MF4,2026_7_17测试数据,2026-07-17,abnormal,lcc 55-80kph 左弯内切,12306048,804bbe156672eafa9c8b94b189a6d5286e21566c868b76962157b54e73720d7e,True,,2780,True,True,0.04997818100000018,2296,2,2098,13.761186599731445,19.81043529510498,28.25189208984375,0.8374403119087219,0.31156544608937436,0.09211104418087046,1,,False,stress_final,
/Users/kai/project/train/data/2026_7_17测试数据/异常/lcc右弯弯道外切/xcp_2026-07-17_18-23-02.MF4,2026_7_17测试数据/异常/lcc右弯弯道外切/xcp_2026-07-17_18-23-02.MF4,2026_7_17测试数据,2026-07-17,abnormal,lcc右弯弯道外切,5350336,54e5286d115946556ca137061e2c6f10175059e4b26016e4be729522039d59ab,True,,1071,True,True,0.05000367600000111,442,0,0,,,,,,,1,,False,,no_eligible_lcc_segment
/Users/kai/project/train/data/2026_7_17测试数据/异常/lcc大半径弯道80kph内切/xcp_2026-07-17_19-04-50.MF4,2026_7_17测试数据/异常/lcc大半径弯道80kph内切/xcp_2026-07-17_19-04-50.MF4,2026_7_17测试数据,2026-07-17,abnormal,lcc大半径弯道80kph内切,7019032,88c14d7f8b6d3ba6800c98d41d7c3e258165f55e081bfdb49184ffa175b8a3e4,True,,1481,True,True,0.05003669400000277,1481,1,1461,15.098014831542969,20.027414321899414,26.8028564453125,0.45320403575897217,0.19836085220032848,0.014457469371981764,1,,False,stress_final,
/Users/kai/project/train/data/2026_7_17测试数据/异常/lcc左弯115kph超调/xcp_2026-07-17_18-55-42.MF4,2026_7_17测试数据/异常/lcc左弯115kph超调/xcp_2026-07-17_18-55-42.MF4,2026_7_17测试数据,2026-07-17,abnormal,lcc左弯115kph超调,6770760,68d04908a920e1c8cb4b449ef3f9f24c46a299d67a2de56955972bd620fc57cb,True,,1420,True,True,0.049992684999999426,1420,1,1400,28.71861457824707,30.999055862426758,31.17091178894043,0.43461906909942627,0.20496335713144054,0.02003102730946028,1,,False,stress_final,
/Users/kai/project/train/data/2026_7_17测试数据/异常/lcc异常退出/xcp_2026-07-17_18-49-52.MF4,2026_7_17测试数据/异常/lcc异常退出/xcp_2026-07-17_18-49-52.MF4,2026_7_17测试数据,2026-07-17,abnormal,lcc异常退出,2542032,593775219fac6ea7bff32dcbc0d678f308007ea868c9c75e6aa8fff31f517cdf,True,,381,True,True,0.050013616999999844,108,0,0,,,,,,,1,,False,,no_eligible_lcc_segment
/Users/kai/project/train/data/2026_7_17测试数据/异常/lcc弯道减速偏慢，50kph弯道外切/xcp_2026-07-17_18-50-30.MF4,2026_7_17测试数据/异常/lcc弯道减速偏慢，50kph弯道外切/xcp_2026-07-17_18-50-30.MF4,2026_7_17测试数据,2026-07-17,abnormal,lcc弯道减速偏慢，50kph弯道外切,9884400,dfb63e711054e52f0647ffdcf0263d08cc2125cc2efbc954b49163ce11c2bcd0,True,,2185,True,True,0.05002389949999397,2148,1,1037,23.830137252807617,26.65555191040039,26.999908447265625,1.5535657405853271,0.19217707698573283,0.0222481745871365,1,,False,stress_final,
/Users/kai/project/train/data/2026_7_17测试数据/异常/堵车状态下tja 或lcc功能退出/xcp_2026-07-17_18-03-11.MF4,2026_7_17测试数据/异常/堵车状态下tja 或lcc功能退出/xcp_2026-07-17_18-03-11.MF4,2026_7_17测试数据,2026-07-17,abnormal,堵车状态下tja 或lcc功能退出,4756112,7447e466d4c27bd2c6a54c9ab3797405b164f0bb7f2ad8e5e33e7abefe9c09c7,True,,925,True,True,0.04998693799999643,840,0,0,,,,,,,1,,False,,no_eligible_lcc_segment
/Users/kai/project/train/data/2026_7_17测试数据/正常/xcp_2026-07-17_17-48-45.MF4,2026_7_17测试数据/正常/xcp_2026-07-17_17-48-45.MF4,2026_7_17测试数据,2026-07-17,normal,unspecified,2143176,718d06fdf35f6eff78844ba63721a7ac8caee7554ee286a5b851de670380df9c,True,,283,True,True,0.04997716699999888,283,0,0,,,,,,,1,,False,,no_eligible_lcc_segment
/Users/kai/project/train/data/2026_7_17测试数据/正常/xcp_2026-07-17_18-10-38.MF4,2026_7_17测试数据/正常/xcp_2026-07-17_18-10-38.MF4,2026_7_17测试数据,2026-07-17,normal,unspecified,4202592,207efa3f3d2df1f27fc07dab362c77d76c94537ab8cf9d4ee23f64b3308ef13c,True,,789,True,True,0.04996591850000165,245,1,167,3.6098663806915283,5.166111946105957,5.291702747344971,0.5876407623291016,0.38345333680769483,0.8146926497877193,1,,False,test_normal,
/Users/kai/project/train/data/2026_7_17测试数据/正常/xcp_2026-07-17_18-11-23.MF4,2026_7_17测试数据/正常/xcp_2026-07-17_18-11-23.MF4,2026_7_17测试数据,2026-07-17,normal,unspecified,6518424,a8dd532be5d3f847d5e0525cd7df5c77705c8ce5bff66c49d0619d287939e3d7,True,,1358,True,True,0.049978175000000125,574,1,382,12.649773597717285,14.180848121643066,14.387604713439941,0.49743765592575073,0.1462492350143742,0.08055297413490714,1,,False,test_normal,
/Users/kai/project/train/data/2026_7_17测试数据/正常/xcp_2026-07-17_18-12-35.MF4,2026_7_17测试数据/正常/xcp_2026-07-17_18-12-35.MF4,2026_7_17测试数据,2026-07-17,normal,unspecified,4072352,9dadf83fcda3179246e4a241a4eba3c7aace7074e337c05b65b266c753826be8,True,,757,True,True,0.049984433000000106,655,1,557,11.782647132873535,12.454636573791504,13.316526412963867,0.37143486738204956,0.205141236211891,0.1918187470052988,1,,False,test_normal,
/Users/kai/project/train/data/2026_7_17测试数据/正常/xcp_2026-07-17_18-13-19.MF4,2026_7_17测试数据/正常/xcp_2026-07-17_18-13-19.MF4,2026_7_17测试数据,2026-07-17,normal,unspecified,3803736,aa1981839f305dd886e3c288a3e9990c54e0942ee361e1bd0b80ea65bfcabe0b,True,,691,True,True,0.05004064699999988,492,1,306,22.549848556518555,23.962111473083496,25.4986572265625,0.32586967945098877,0.24778492843823013,0.022259852692189264,1,,False,test_normal,
/Users/kai/project/train/data/2026_7_17测试数据/正常/xcp_2026-07-17_18-14-12.MF4,2026_7_17测试数据/正常/xcp_2026-07-17_18-14-12.MF4,2026_7_17测试数据,2026-07-17,normal,unspecified,7483016,2a6bc5d0f2a651e2ed058b1e182ecb57e838ea72ff3b65f4b2376977c5d129af,True,,1595,True,True,0.0500039180000007,985,3,647,26.578369140625,26.726919174194336,27.03308868408203,0.7509354948997498,0.2679013128437665,0.01961936942841801,1,,False,test_normal,
/Users/kai/project/train/data/2026_7_17测试数据/正常/xcp_2026-07-17_18-15-58.MF4,2026_7_17测试数据/正常/xcp_2026-07-17_18-15-58.MF4,2026_7_17测试数据,2026-07-17,normal,unspecified,3189160,aa662310886290b0bf88d518bdb4fafd614d21c1454858993fd32678d71f0616,True,,540,True,True,0.05011564400000168,281,1,181,26.416015625,26.855396270751953,26.965721130371094,0.4992470145225525,0.2997504494934282,0.01489346622271774,1,,False,test_normal,
/Users/kai/project/train/data/2026_7_17测试数据/正常/xcp_2026-07-17_18-24-00.MF4,2026_7_17测试数据/正常/xcp_2026-07-17_18-24-00.MF4,2026_7_17测试数据,2026-07-17,normal,unspecified,10474552,79620df2f2508337b76abb721dd89e6b29cd5e82fe112f7fe6bcc1e12350848c,True,,2330,True,True,0.04999366100000202,1965,4,1885,14.846090316772461,23.946237564086914,27.00078582763672,0.7933123707771301,0.1598665854973678,0.02129804793381404,1,,False,test_normal,
/Users/kai/project/train/data/2026_7_17测试数据/正常/xcp_2026-07-17_18-27-47.MF4,2026_7_17测试数据/正常/xcp_2026-07-17_18-27-47.MF4,2026_7_17测试数据,2026-07-17,normal,unspecified,8435392,25e859130da593312738130783d3b676b6ed01e7a543dc2d070e388fbb42bd44,True,,1829,True,True,0.05000291599999862,1626,3,1475,21.09959602355957,24.93418312072754,28.374187469482422,0.48390263319015503,0.08228864743239143,0.005435891988115177,1,,False,test_normal,
/Users/kai/project/train/data/2026_7_17测试数据/正常/xcp_2026-07-17_18-31-09.MF4,2026_7_17测试数据/正常/xcp_2026-07-17_18-31-09.MF4,2026_7_17测试数据,2026-07-17,normal,unspecified,13136328,afd0e959c4ec388cf7915542f147a87dc97203abfc7e1e3100ca3fe6f1a63c49,True,,2984,True,True,0.04999014800000623,2736,3,2676,22.810070037841797,28.05543613433838,28.37012481689453,0.3177158832550049,0.1347120195510115,0.017344588150120046,1,,False,test_normal,
/Users/kai/project/train/data/2026_7_17测试数据/正常/xcp_2026-07-17_18-40-04.MF4,2026_7_17测试数据/正常/xcp_2026-07-17_18-40-04.MF4,2026_7_17测试数据,2026-07-17,normal,unspecified,7397544,4ea1cb16d731400b6dc66f4b5f1768c2c633c6209f4a5f7c2b840797d8d70272,True,,1574,True,True,0.04998712199999922,125,0,0,,,,,,,1,,False,,no_eligible_lcc_segment
/Users/kai/project/train/data/2026_7_17测试数据/正常/xcp_2026-07-17_18-41-48.MF4,2026_7_17测试数据/正常/xcp_2026-07-17_18-41-48.MF4,2026_7_17测试数据,2026-07-17,normal,unspecified,2769952,6a35cf766ccef3465db00e84fba2faf3113309e2e908277eab7db37c9cebef99,True,,437,True,True,0.05000766549999991,0,0,0,,,,,,,1,,False,,no_eligible_lcc_segment
/Users/kai/project/train/data/2026_7_17测试数据/正常/xcp_2026-07-17_18-43-36.MF4,2026_7_17测试数据/正常/xcp_2026-07-17_18-43-36.MF4,2026_7_17测试数据,2026-07-17,normal,unspecified,14528272,93c7f5d5911ec0bf2b0c5922282d16da11ddc406398f39afada9782a09d5cc81,True,,3326,True,True,0.04999563699999854,0,0,0,,,,,,,1,,False,,no_eligible_lcc_segment
/Users/kai/project/train/data/2026_7_17测试数据/正常/xcp_2026-07-17_18-49-06.MF4,2026_7_17测试数据/正常/xcp_2026-07-17_18-49-06.MF4,2026_7_17测试数据,2026-07-17,normal,unspecified,4357256,c1cbb0f6ebfb9d90d7aad173c5077b54b81730eb77329a0b6cf855d7e7462cae,True,,827,True,True,0.04998065499999882,66,0,0,,,,,,,1,,False,,no_eligible_lcc_segment
/Users/kai/project/train/data/2026_7_17测试数据/正常/xcp_2026-07-17_18-52-24.MF4,2026_7_17测试数据/正常/xcp_2026-07-17_18-52-24.MF4,2026_7_17测试数据,2026-07-17,normal,unspecified,8675520,2ebe6ab0a773af2d67bcb5e3b9c3f835fd71543d27085ebc0f197d5aeeab9eda,True,,1888,True,True,0.05000814699999978,1462,3,1279,22.91326332092285,26.88455581665039,31.145214080810547,0.25200510025024414,0.09756753390609609,0.011930490227661038,1,,False,test_normal,
/Users/kai/project/train/data/2026_7_17测试数据/正常/xcp_2026-07-17_18-54-03.MF4,2026_7_17测试数据/正常/xcp_2026-07-17_18-54-03.MF4,2026_7_17测试数据,2026-07-17,normal,unspecified,8602264,18d978cc8f53be2a3f301f98b964f31dcbcb239ce5db1e4e52d504c5eae05e93,True,,1870,True,True,0.04997663999999702,1870,1,1850,24.834075927734375,28.11494731903076,31.138893127441406,0.31201279163360596,0.11002273018947398,0.01571985626687837,1,,False,test_normal,
/Users/kai/project/train/data/2026_7_17测试数据/正常/xcp_2026-07-17_18-56-57.MF4,2026_7_17测试数据/正常/xcp_2026-07-17_18-56-57.MF4,2026_7_17测试数据,2026-07-17,normal,unspecified,8903440,b28877a22b2283e5fa89032ace21db6edc60fc7c7ba647742c084139979b7223,True,,1944,True,True,0.05002417000000037,1818,2,1778,25.026161193847656,28.07669448852539,28.413047790527344,0.23847675323486328,0.06868510421202231,0.005624528748756947,1,,False,test_normal,
/Users/kai/project/train/data/2026_7_17测试数据/正常/xcp_2026-07-17_18-58-39.MF4,2026_7_17测试数据/正常/xcp_2026-07-17_18-58-39.MF4,2026_7_17测试数据,2026-07-17,normal,unspecified,10482688,561d7a49b65e4612221cb0ead457ca05ebb1e7fc7c69d9aadc0f1da660c8ec40,True,,2332,True,True,0.0499916989999889,1886,4,1806,8.452838897705078,23.246851921081543,28.357566833496094,0.28965437412261963,0.08778110565587484,0.012108722515898002,1,,False,test_normal,
/Users/kai/project/train/data/2026_7_17测试数据/正常/xcp_2026-07-17_19-01-45.MF4,2026_7_17测试数据/正常/xcp_2026-07-17_19-01-45.MF4,2026_7_17测试数据,2026-07-17,normal,unspecified,5362544,f4acd3872efa22d75555cbb026044510dbf60c1107ccdacc73f3d41e84893397,True,,1074,True,True,0.050010666999995124,481,1,389,17.10584259033203,18.407873153686523,20.023897171020508,0.4424141049385071,0.17059822812721576,0.012704339832033174,1,,False,test_normal,
/Users/kai/project/train/data/2026_7_17测试数据/正常/xcp_2026-07-17_19-02-44.MF4,2026_7_17测试数据/正常/xcp_2026-07-17_19-02-44.MF4,2026_7_17测试数据,2026-07-17,normal,unspecified,10584440,2fbbf15ac832a6f30490988b6d43b8b3f1f3aa46c23de74e7e6d792a1051950d,True,,2357,True,True,0.05000067700000521,1997,3,1896,19.259435653686523,25.874948501586914,26.938215255737305,0.24643051624298096,0.09617473745750099,0.02014822322992445,1,,False,test_normal,
/Users/kai/project/train/data/2026_7_17测试数据/正常/xcp_2026-07-17_19-08-13.MF4,2026_7_17测试数据/正常/xcp_2026-07-17_19-08-13.MF4,2026_7_17测试数据,2026-07-17,normal,unspecified,8594120,690d6f9c66040f891fa5cca61f7c43b49ac1ecd0c28102713bfb0d0e14d3048a,True,,1868,True,True,0.05000569299999924,1578,2,1477,13.253016471862793,21.123144149780273,24.87081527709961,0.19524961709976196,0.08804348726895686,0.008198655109292,1,,False,test_normal,
/Users/kai/project/train/data/2026_7_17测试数据/正常/xcp_2026-07-17_19-09-51.MF4,2026_7_17测试数据/正常/xcp_2026-07-17_19-09-51.MF4,2026_7_17测试数据,2026-07-17,normal,unspecified,9143576,3f0f53274ce0f9b5f416897406f7a3541a401363a96593026a7ba3fab00e7557,True,,2003,True,True,0.050014174500002895,1845,1,1825,17.51801872253418,22.06798553466797,24.14461898803711,0.3312234878540039,0.1572603029664469,0.027132132693687607,1,,False,test_normal,
/Users/kai/project/train/data/2026_7_17测试数据/正常/xcp_2026-07-17_19-11-35.MF4,2026_7_17测试数据/正常/xcp_2026-07-17_19-11-35.MF4,2026_7_17测试数据,2026-07-17,normal,unspecified,8642960,fcec0db54f15bcf6e9d3bf90cf9fa5be65422d9af429776d514431cbb0b8c82b,True,,1880,True,True,0.05003217000000859,1655,3,1595,18.94537925720215,25.132671356201172,26.856903076171875,0.31833726167678833,0.11973579114891209,0.011137128389307369,1,,False,test_normal,
/Users/kai/project/train/data/2026_7_17测试数据/正常/xcp_2026-07-17_19-13-14.MF4,2026_7_17测试数据/正常/xcp_2026-07-17_19-13-14.MF4,2026_7_17测试数据,2026-07-17,normal,unspecified,5871296,9eda8c1692dc069826454a429e1b50bbcd7a1c0510989c1b043173af22b547c6,True,,1199,True,True,0.04997093649999873,899,2,851,14.265034675598145,25.414897918701172,26.925153732299805,0.5277029275894165,0.10830944441232135,0.01713662955066274,1,,False,test_normal,
